"FolderPath","FolderType","ItemsInFolder","FolderSize"
"/Top of Information Store","Root","1","1.027 KB (1,052 bytes)"
"/_Moving","User Created","1","7.622 KB (7,805 bytes)"
"/_Moving/Admin","User Created","0","0 B (0 bytes)"
"/_Moving/Admin/Bills","User Created","0","0 B (0 bytes)"
"/_Moving/Admin/CLE- Lic","User Created","0","0 B (0 bytes)"
"/_Moving/Admin/comp","User Created","0","0 B (0 bytes)"
"/_Moving/Admin/CPG","User Created","0","0 B (0 bytes)"
"/_Moving/Admin/Experts","User Created","0","0 B (0 bytes)"
"/_Moving/Admin/Insurance?FSA etc","User Created","0","0 B (0 bytes)"
"/_Moving/Admin/Insurance?FSA etc/Claim","User Created","0","0 B (0 bytes)"
"/_Moving/Admin/Log In","User Created","0","0 B (0 bytes)"
"/_Moving/Admin/LPG","User Created","0","0 B (0 bytes)"
"/_Moving/Admin/Montly reports","User Created","0","0 B (0 bytes)"
"/_Moving/Admin/Non compete","User Created","0","0 B (0 bytes)"
"/_Moving/Admin/Partner Material","User Created","0","0 B (0 bytes)"
"/_Moving/Admin/Partner Material/Ownership","User Created","0","0 B (0 bytes)"
"/_Moving/Admin/Research - forms","User Created","0","0 B (0 bytes)"
"/_Moving/Admin/Retirement Plan","User Created","0","0 B (0 bytes)"
"/_Moving/Admin/RH","User Created","0","0 B (0 bytes)"
"/_Moving/Admin/Risk Mang","User Created","0","0 B (0 bytes)"
"/_Moving/Admin/Summit","User Created","0","0 B (0 bytes)"
"/_Moving/Admin/Transition","User Created","0","0 B (0 bytes)"
"/_Moving/Admin/Transition/LH- WBM","User Created","0","0 B (0 bytes)"
"/_Moving/ALSCO","User Created","0","0 B (0 bytes)"
"/_Moving/ALSCO/ALSCO - Atkins","User Created","0","0 B (0 bytes)"
"/_Moving/ALSCO/ALSCO - Atkins/Client Comm","User Created","0","0 B (0 bytes)"
"/_Moving/ALSCO/ALSCO - Atkins/Docs","User Created","0","0 B (0 bytes)"
"/_Moving/ALSCO/ALSCO - Atkins/Opposing Comm","User Created","0","0 B (0 bytes)"
"/_Moving/ALSCO/ALSCO - Atkins/Pleadings and Discovery","User Created","0","0 B (0 bytes)"
"/_Moving/ALSCO/ALSCO - Atkins/Research","User Created","0","0 B (0 bytes)"
"/_Moving/ALSCO/ALSCO - Atkins1","User Created","0","0 B (0 bytes)"
"/_Moving/ALSCO/ALSCO - Atkins1/Client Comm","User Created","0","0 B (0 bytes)"
"/_Moving/ALSCO/ALSCO - Atkins1/Docs","User Created","0","0 B (0 bytes)"
"/_Moving/ALSCO/ALSCO - Atkins1/Opposing Comm","User Created","0","0 B (0 bytes)"
"/_Moving/ALSCO/ALSCO - Atkins1/Pleadings and Discovery","User Created","0","0 B (0 bytes)"
"/_Moving/ALSCO/ALSCO - Atkins1/Research","User Created","0","0 B (0 bytes)"
"/_Moving/ALSCO/ALSCO - Cudney","User Created","0","0 B (0 bytes)"
"/_Moving/ALSCO/ALSCO- Cudney","User Created","0","0 B (0 bytes)"
"/_Moving/ALSCO/ALSCO- Cudney/Counsel","User Created","0","0 B (0 bytes)"
"/_Moving/ALSCO/ALSCO- Cudney/Deps","User Created","0","0 B (0 bytes)"
"/_Moving/ALSCO/ALSCO- Cudney/Mediation","User Created","0","0 B (0 bytes)"
"/_Moving/ALSCO/ALSCO- Cudney/Non-Compete","User Created","0","0 B (0 bytes)"
"/_Moving/ALSCO/ALSCO- Cudney/Pleadings and Discovery","User Created","0","0 B (0 bytes)"
"/_Moving/ALSCO/ALSCO- Cudney/Pleadings, Discovery and Order","User Created","0","0 B (0 bytes)"
"/_Moving/ALSCO/ALSCO- Cudney/Research","User Created","0","0 B (0 bytes)"
"/_Moving/ALSCO/ALSCO- Cudney/Settlement","User Created","0","0 B (0 bytes)"
"/_Moving/ALSCO/ALSCO- Cudney/Sup. Ct. Appeal","User Created","0","0 B (0 bytes)"
"/_Moving/ALSCO/ALSCO- Cudney/Sup. Ct. Appeal/Client","User Created","0","0 B (0 bytes)"
"/_Moving/ALSCO/American Linen - US Linen1","User Created","0","0 B (0 bytes)"
"/_Moving/ALSCO/American Linen - US Linen1/American Linen - US Linen","User Created","0","0 B (0 bytes)"
"/_Moving/ALSCO/American Linen Ford","User Created","0","0 B (0 bytes)"
"/_Moving/ALSCO/American Linen Ford/American Linen Ford","User Created","0","0 B (0 bytes)"
"/_Moving/ALSCO/Andritz","User Created","1","99.97 KB (102,371 bytes)"
"/_Moving/ALSCO/Andritz/Client","User Created","5","703.4 KB (720,241 bytes)"
"/_Moving/ALSCO/Andritz/Internal","User Created","2","215.3 KB (220,435 bytes)"
"/_Moving/ALSCO/Andritz/Opposing","User Created","2","368.1 KB (376,945 bytes)"
"/_Moving/ALSCO/Andritz/Research","User Created","1","107.1 KB (109,626 bytes)"
"/_Moving/ALSCO/Arturos","User Created","0","0 B (0 bytes)"
"/_Moving/ALSCO/Arturos/Client","User Created","0","0 B (0 bytes)"
"/_Moving/ALSCO/Arturos/Internal","User Created","0","0 B (0 bytes)"
"/_Moving/ALSCO/Arturos/Opposing","User Created","0","0 B (0 bytes)"
"/_Moving/ALSCO/Automated Accounts","User Created","0","0 B (0 bytes)"
"/_Moving/ALSCO/Automated Accounts/Client","User Created","0","0 B (0 bytes)"
"/_Moving/ALSCO/Automated Accounts/Internal","User Created","0","0 B (0 bytes)"
"/_Moving/ALSCO/Automated Accounts/Opposing","User Created","0","0 B (0 bytes)"
"/_Moving/ALSCO/Automated Accounts/Pleadings","User Created","0","0 B (0 bytes)"
"/_Moving/ALSCO/Cavanaugh's","User Created","0","0 B (0 bytes)"
"/_Moving/ALSCO/Cavanughts at Priest","User Created","0","0 B (0 bytes)"
"/_Moving/ALSCO/Columbia Basin","User Created","0","0 B (0 bytes)"
"/_Moving/ALSCO/Columbia Basin/Client","User Created","0","0 B (0 bytes)"
"/_Moving/ALSCO/Columbia Basin/Internal","User Created","0","0 B (0 bytes)"
"/_Moving/ALSCO/Columbia Basin/Opposing","User Created","0","0 B (0 bytes)"
"/_Moving/ALSCO/Columbia Basin/Pleadings","User Created","0","0 B (0 bytes)"
"/_Moving/ALSCO/Duck Restaurant","User Created","0","0 B (0 bytes)"
"/_Moving/ALSCO/E-Image","User Created","0","0 B (0 bytes)"
"/_Moving/ALSCO/Elkins","User Created","0","0 B (0 bytes)"
"/_Moving/ALSCO/Firefly","User Created","0","0 B (0 bytes)"
"/_Moving/ALSCO/Five Star","User Created","0","0 B (0 bytes)"
"/_Moving/ALSCO/Freightliner NW","User Created","0","0 B (0 bytes)"
"/_Moving/ALSCO/Freightliner NW/Client","User Created","0","0 B (0 bytes)"
"/_Moving/ALSCO/Freightliner NW/Internal","User Created","0","0 B (0 bytes)"
"/_Moving/ALSCO/Freightliner NW/Opposing","User Created","0","0 B (0 bytes)"
"/_Moving/ALSCO/General","User Created","0","0 B (0 bytes)"
"/_Moving/ALSCO/Globe Motors","User Created","0","0 B (0 bytes)"
"/_Moving/ALSCO/Greenbria Foods","User Created","0","0 B (0 bytes)"
"/_Moving/ALSCO/Greenbria Foods/Client","User Created","0","0 B (0 bytes)"
"/_Moving/ALSCO/Greenbria Foods/Internal","User Created","0","0 B (0 bytes)"
"/_Moving/ALSCO/Greenbria Foods/Opposing","User Created","0","0 B (0 bytes)"
"/_Moving/ALSCO/Harvest Moon","User Created","0","0 B (0 bytes)"
"/_Moving/ALSCO/Irwin Pharmacy","User Created","0","0 B (0 bytes)"
"/_Moving/ALSCO/Irwin Pharmacy/Client","User Created","18","6.614 MB (6,935,508 bytes)"
"/_Moving/ALSCO/Irwin Pharmacy/Internal","User Created","7","853.6 KB (874,062 bytes)"
"/_Moving/ALSCO/Irwin Pharmacy/Opposing","User Created","3","940.2 KB (962,775 bytes)"
"/_Moving/ALSCO/Irwin Pharmacy/Research","User Created","1","169.2 KB (173,298 bytes)"
"/_Moving/ALSCO/Murphy Bros and Shamrock","User Created","0","0 B (0 bytes)"
"/_Moving/ALSCO/Nexperce Ag","User Created","0","0 B (0 bytes)"
"/_Moving/ALSCO/Nexperce Ag/Client","User Created","0","0 B (0 bytes)"
"/_Moving/ALSCO/Nexperce Ag/Internal","User Created","0","0 B (0 bytes)"
"/_Moving/ALSCO/Nexperce Ag/Opposing","User Created","0","0 B (0 bytes)"
"/_Moving/ALSCO/Prochaska and Unifirst","User Created","0","0 B (0 bytes)"
"/_Moving/ALSCO/Prochaska and Unifirst/Client","User Created","0","0 B (0 bytes)"
"/_Moving/ALSCO/Prochaska and Unifirst/Internal","User Created","0","0 B (0 bytes)"
"/_Moving/ALSCO/Prochaska and Unifirst/Opposing","User Created","0","0 B (0 bytes)"
"/_Moving/ALSCO/Qwik Stop","User Created","0","0 B (0 bytes)"
"/_Moving/ALSCO/Qwik Stop/Client","User Created","4","1.961 MB (2,056,104 bytes)"
"/_Moving/ALSCO/Qwik Stop/Internal","User Created","6","2.108 MB (2,210,346 bytes)"
"/_Moving/ALSCO/Qwik Stop/Opposing","User Created","2","921 KB (943,060 bytes)"
"/_Moving/ALSCO/Rants and Raves","User Created","0","0 B (0 bytes)"
"/_Moving/ALSCO/Rants and Raves/Client","User Created","0","0 B (0 bytes)"
"/_Moving/ALSCO/Rants and Raves/Internal","User Created","0","0 B (0 bytes)"
"/_Moving/ALSCO/Rants and Raves/Opposing","User Created","0","0 B (0 bytes)"
"/_Moving/ALSCO/Sushi Sakai","User Created","0","0 B (0 bytes)"
"/_Moving/ALSCO/Sushi Sakai/Client","User Created","0","0 B (0 bytes)"
"/_Moving/ALSCO/Sushi Sakai/Internal","User Created","0","0 B (0 bytes)"
"/_Moving/ALSCO/Sushi Sakai/Opposing","User Created","0","0 B (0 bytes)"
"/_Moving/ALSCO/Texas Roadhouse","User Created","0","0 B (0 bytes)"
"/_Moving/ALSCO/Texas Roadhouse/Client","User Created","0","0 B (0 bytes)"
"/_Moving/ALSCO/Texas Roadhouse/Internal","User Created","0","0 B (0 bytes)"
"/_Moving/ALSCO/Texas Roadhouse/Opposing","User Created","0","0 B (0 bytes)"
"/_Moving/ALSCO/Thiefault - US Linen","User Created","0","0 B (0 bytes)"
"/_Moving/ALSCO/Washington Carriers","User Created","0","0 B (0 bytes)"
"/_Moving/ALSCO/Wendy's","User Created","0","0 B (0 bytes)"
"/_Moving/ALSCO/Wendy's/Client","User Created","0","0 B (0 bytes)"
"/_Moving/ALSCO/Wendy's/Internal","User Created","0","0 B (0 bytes)"
"/_Moving/ALSCO/Wendy's/Opposing","User Created","0","0 B (0 bytes)"
"/_Moving/Four Star ","User Created","5","349.8 KB (358,246 bytes)"
"/_Moving/Four Star /General Matters","User Created","7","881 KB (902,109 bytes)"
"/_Moving/Malbco - Mulloy matters","User Created","0","0 B (0 bytes)"
"/_Moving/Malbco - Mulloy matters/Astoria - Ins","User Created","0","0 B (0 bytes)"
"/_Moving/Malbco - Mulloy matters/Cingular","User Created","0","0 B (0 bytes)"
"/_Moving/Malbco - Mulloy matters/Cingular/Black Dot","User Created","0","0 B (0 bytes)"
"/_Moving/Malbco - Mulloy matters/Cingular/Client Comm","User Created","0","0 B (0 bytes)"
"/_Moving/Malbco - Mulloy matters/Cingular/Court comm","User Created","0","0 B (0 bytes)"
"/_Moving/Malbco - Mulloy matters/Cingular/depositions","User Created","0","0 B (0 bytes)"
"/_Moving/Malbco - Mulloy matters/Cingular/Docs","User Created","0","0 B (0 bytes)"
"/_Moving/Malbco - Mulloy matters/Cingular/Mediation-Settlement","User Created","0","0 B (0 bytes)"
"/_Moving/Malbco - Mulloy matters/Cingular/Opposing Comm","User Created","0","0 B (0 bytes)"
"/_Moving/Malbco - Mulloy matters/Cingular/Pleadings Disc","User Created","0","0 B (0 bytes)"
"/_Moving/Malbco - Mulloy matters/Cingular/Research","User Created","0","0 B (0 bytes)"
"/_Moving/Malbco - Mulloy matters/Cingular/Tasks","User Created","0","0 B (0 bytes)"
"/_Moving/Malbco - Mulloy matters/Eugene","User Created","0","0 B (0 bytes)"
"/_Moving/Malbco - Mulloy matters/Flathead - MDHO ","User Created","0","0 B (0 bytes)"
"/_Moving/Malbco - Mulloy matters/Flathead - MDHO /Client","User Created","19","7.413 MB (7,772,724 bytes)"
"/_Moving/Malbco - Mulloy matters/Flathead - MDHO /Internal","User Created","14","1.884 MB (1,975,050 bytes)"
"/_Moving/Malbco - Mulloy matters/Flathead - MDHO /Opposing","User Created","5","1.274 MB (1,335,953 bytes)"
"/_Moving/Malbco - Mulloy matters/Great Falls","User Created","0","0 B (0 bytes)"
"/_Moving/Malbco - Mulloy matters/Great Falls/Client","User Created","15","7.001 MB (7,341,147 bytes)"
"/_Moving/Malbco - Mulloy matters/Great Falls/Internal","User Created","10","1.447 MB (1,516,849 bytes)"
"/_Moving/Malbco - Mulloy matters/Great Falls/Opposing","User Created","6","2.144 MB (2,247,664 bytes)"
"/_Moving/Malbco - Mulloy matters/HBI v. Southridge - Kenewick","User Created","1","74.96 KB (76,757 bytes)"
"/_Moving/Malbco - Mulloy matters/HBI v. Southridge - Kenewick/AAA  and Arbitaror Comm","User Created","123","33.61 MB (35,238,254 bytes)"
"/_Moving/Malbco - Mulloy matters/HBI v. Southridge - Kenewick/AAA - Pleadings and discovery","User Created","52","24.29 MB (25,469,697 bytes)"
"/_Moving/Malbco - Mulloy matters/HBI v. Southridge - Kenewick/Arch","User Created","4","1.829 MB (1,917,798 bytes)"
"/_Moving/Malbco - Mulloy matters/HBI v. Southridge - Kenewick/Client","User Created","455","173.8 MB (182,270,548 bytes)"
"/_Moving/Malbco - Mulloy matters/HBI v. Southridge - Kenewick/Damages","User Created","19","3.662 MB (3,839,826 bytes)"
"/_Moving/Malbco - Mulloy matters/HBI v. Southridge - Kenewick/doc manag","User Created","27","2.748 MB (2,880,988 bytes)"
"/_Moving/Malbco - Mulloy matters/HBI v. Southridge - Kenewick/Docs","User Created","32","32.25 MB (33,821,455 bytes)"
"/_Moving/Malbco - Mulloy matters/HBI v. Southridge - Kenewick/Experts","User Created","2","69.13 KB (70,794 bytes)"
"/_Moving/Malbco - Mulloy matters/HBI v. Southridge - Kenewick/Experts/Lenore","User Created","15","3.883 MB (4,071,171 bytes)"
"/_Moving/Malbco - Mulloy matters/HBI v. Southridge - Kenewick/Experts/Paul Shelton - Construction Manag","User Created","120","33.46 MB (35,089,171 bytes)"
"/_Moving/Malbco - Mulloy matters/HBI v. Southridge - Kenewick/Experts/Total Frame Expert","User Created","0","0 B (0 bytes)"
"/_Moving/Malbco - Mulloy matters/HBI v. Southridge - Kenewick/HBI Insurance","User Created","0","0 B (0 bytes)"
"/_Moving/Malbco - Mulloy matters/HBI v. Southridge - Kenewick/HBI Insurance/Client","User Created","3","221.9 KB (227,186 bytes)"
"/_Moving/Malbco - Mulloy matters/HBI v. Southridge - Kenewick/HBI Insurance/Docs","User Created","6","25.37 MB (26,599,147 bytes)"
"/_Moving/Malbco - Mulloy matters/HBI v. Southridge - Kenewick/HBI Insurance/Research","User Created","5","567.2 KB (580,842 bytes)"
"/_Moving/Malbco - Mulloy matters/HBI v. Southridge - Kenewick/HBI Lien Removal","User Created","2","12.85 MB (13,475,328 bytes)"
"/_Moving/Malbco - Mulloy matters/HBI v. Southridge - Kenewick/HBI Lien Removal/Bond","User Created","54","6.407 MB (6,717,869 bytes)"
"/_Moving/Malbco - Mulloy matters/HBI v. Southridge - Kenewick/HBI Lien Removal/Client","User Created","30","3.201 MB (3,356,512 bytes)"
"/_Moving/Malbco - Mulloy matters/HBI v. Southridge - Kenewick/HBI Lien Removal/Court comm","User Created","12","2.115 MB (2,217,713 bytes)"
"/_Moving/Malbco - Mulloy matters/HBI v. Southridge - Kenewick/HBI Lien Removal/docs","User Created","1","154.2 KB (157,910 bytes)"
"/_Moving/Malbco - Mulloy matters/HBI v. Southridge - Kenewick/HBI Lien Removal/Harco Comm","User Created","27","16.06 MB (16,837,948 bytes)"
"/_Moving/Malbco - Mulloy matters/HBI v. Southridge - Kenewick/HBI Lien Removal/Internal","User Created","30","3.114 MB (3,265,387 bytes)"
"/_Moving/Malbco - Mulloy matters/HBI v. Southridge - Kenewick/HBI Lien Removal/Opposing","User Created","5","246.9 KB (252,874 bytes)"
"/_Moving/Malbco - Mulloy matters/HBI v. Southridge - Kenewick/HBI Lien Removal/Pleadings","User Created","9","7.593 MB (7,961,737 bytes)"
"/_Moving/Malbco - Mulloy matters/HBI v. Southridge - Kenewick/HBI Lien Removal/Research","User Created","1","265.5 KB (271,919 bytes)"
"/_Moving/Malbco - Mulloy matters/HBI v. Southridge - Kenewick/Internal","User Created","124","66.6 MB (69,835,727 bytes)"
"/_Moving/Malbco - Mulloy matters/HBI v. Southridge - Kenewick/Kennewick v McGee v South","User Created","0","0 B (0 bytes)"
"/_Moving/Malbco - Mulloy matters/HBI v. Southridge - Kenewick/Kennewick v McGee v South/Client","User Created","72","18.22 MB (19,106,533 bytes)"
"/_Moving/Malbco - Mulloy matters/HBI v. Southridge - Kenewick/Kennewick v McGee v South/docs","User Created","13","23.98 MB (25,146,576 bytes)"
"/_Moving/Malbco - Mulloy matters/HBI v. Southridge - Kenewick/Kennewick v McGee v South/Internal","User Created","30","13.35 MB (14,002,562 bytes)"
"/_Moving/Malbco - Mulloy matters/HBI v. Southridge - Kenewick/Kennewick v McGee v South/opposing","User Created","5","1008 KB (1,032,508 bytes)"
"/_Moving/Malbco - Mulloy matters/HBI v. Southridge - Kenewick/Kennewick v McGee v South/pleadings and discovery","User Created","10","13.03 MB (13,659,610 bytes)"
"/_Moving/Malbco - Mulloy matters/HBI v. Southridge - Kenewick/Kennewick v McGee v South/research","User Created","1","89.11 KB (91,247 bytes)"
"/_Moving/Malbco - Mulloy matters/HBI v. Southridge - Kenewick/Kennewick v McGee v South/witness","User Created","3","227.1 KB (232,588 bytes)"
"/_Moving/Malbco - Mulloy matters/HBI v. Southridge - Kenewick/opposing","User Created","125","21.39 MB (22,425,330 bytes)"
"/_Moving/Malbco - Mulloy matters/HBI v. Southridge - Kenewick/Research","User Created","32","6.287 MB (6,591,890 bytes)"
"/_Moving/Malbco - Mulloy matters/HBI v. Southridge - Kenewick/Witness","User Created","3","568 KB (581,637 bytes)"
"/_Moving/Malbco - Mulloy matters/HBI v. Southridge - Kenewick/Witness/Amos","User Created","9","11.1 MB (11,639,079 bytes)"
"/_Moving/Malbco - Mulloy matters/HBI v. Southridge - Kenewick/Witness/Billen","User Created","1","157.2 KB (160,932 bytes)"
"/_Moving/Malbco - Mulloy matters/HBI v. Southridge - Kenewick/Witness/Cascade fire","User Created","5","1.25 MB (1,310,573 bytes)"
"/Admin","User Created","2","10.43 KB (10,679 bytes)"
"/Admin/Admin","User Created","3","178 KB (182,227 bytes)"
"/Admin/Admin/Bills and reports WBM","User Created","165","53.58 MB (56,182,086 bytes)"
"/Admin/Admin/Breach","User Created","8","698.7 KB (715,489 bytes)"
"/Admin/Admin/CLE- Lic - WBM","User Created","210","25.53 MB (26,771,948 bytes)"
"/Admin/Admin/Gen admin WBM","User Created","69","17.78 MB (18,647,477 bytes)"
"/Admin/Admin/IT","User Created","2","104.9 KB (107,412 bytes)"
"/Admin/Admin/Log In","User Created","56","16.75 MB (17,560,086 bytes)"
"/Admin/Admin/Misc matters","User Created","3","1.288 MB (1,350,948 bytes)"
"/Admin/Admin/Non compete","User Created","10","3.206 MB (3,361,553 bytes)"
"/Admin/Admin/Research - forms","User Created","43","26.48 MB (27,762,963 bytes)"
"/Admin/Admin/Retirement","User Created","16","5.24 MB (5,494,990 bytes)"
"/Admin/Admin/ZZ Lee Hayes","User Created","190","34 MB (35,647,461 bytes)"
"/Admin/Admin/ZZ Lee Hayes/CLE- Lic- LH","User Created","245","49.74 MB (52,159,748 bytes)"
"/Admin/Admin/ZZ Lee Hayes/comp","User Created","55","4.836 MB (5,071,205 bytes)"
"/Admin/Admin/ZZ Lee Hayes/CPG","User Created","15","735.1 KB (752,775 bytes)"
"/Admin/Admin/ZZ Lee Hayes/CPG (2)","User Created","0","0 B (0 bytes)"
"/Admin/Admin/ZZ Lee Hayes/Experts","User Created","6","4.254 MB (4,460,723 bytes)"
"/Admin/Admin/ZZ Lee Hayes/Lee Hayes bills","User Created","17","3.042 MB (3,189,919 bytes)"
"/Admin/Admin/ZZ Lee Hayes/Lee Hayes comp","User Created","373","67.78 MB (71,068,880 bytes)"
"/Admin/Admin/ZZ Lee Hayes/Lee Hayes Month report","User Created","142","28.71 MB (30,100,931 bytes)"
"/Admin/Admin/ZZ Lee Hayes/LH Bills","User Created","16","3.035 MB (3,181,915 bytes)"
"/Admin/Admin/ZZ Lee Hayes/Log In","User Created","1","76.5 KB (78,340 bytes)"
"/Admin/Admin/ZZ Lee Hayes/LPG","User Created","945","116.5 MB (122,177,538 bytes)"
"/Admin/Admin/ZZ Lee Hayes/Partner Material","User Created","120","95.99 MB (100,651,283 bytes)"
"/Admin/Admin/ZZ Lee Hayes/Partner Material/Ownership","User Created","40","11.42 MB (11,971,174 bytes)"
"/Admin/Admin/ZZ Lee Hayes/Partner Material (2)","User Created","3","439.6 KB (450,139 bytes)"
"/Admin/Admin/ZZ Lee Hayes/Partner Material (2)/Ownership","User Created","1","7.222 KB (7,395 bytes)"
"/Admin/Admin/ZZ Lee Hayes/Retirement Plan","User Created","12","820.2 KB (839,933 bytes)"
"/Admin/Admin/ZZ Lee Hayes/Retirement Plan (2)","User Created","14","3.993 MB (4,187,193 bytes)"
"/Admin/Admin/ZZ Lee Hayes/RH","User Created","3","5.823 MB (6,105,362 bytes)"
"/Admin/Admin/ZZ Lee Hayes/Risk Mang","User Created","1","11.24 KB (11,510 bytes)"
"/Admin/Admin/ZZ Lee Hayes/Risk Mang (2)","User Created","36","5.109 MB (5,357,377 bytes)"
"/Admin/Admin/ZZ Lee Hayes/Summit","User Created","17","8.333 MB (8,737,739 bytes)"
"/Admin/Admin/ZZ Lee Hayes/Transition","User Created","108","20.82 MB (21,833,290 bytes)"
"/Admin/Admin/ZZ Lee Hayes/Transition/LH- WBM","User Created","122","20.45 MB (21,443,805 bytes)"
"/Admin/Admin/ZZ Lee Hayes/Transition (2)","User Created","1","7.168 KB (7,340 bytes)"
"/Admin/Admin/ZZ Lee Hayes/Transition (2)/LH- WBM","User Created","188","37.58 MB (39,409,386 bytes)"
"/Admin/Conf call and zoom","User Created","3","328.5 KB (336,435 bytes)"
"/Admin/Insurance WBM","User Created","63","98.56 MB (103,352,325 bytes)"
"/Admin/Insurance WBM/Claim","User Created","20","11.6 MB (12,163,092 bytes)"
"/Admin/Insurance WBM/Insurance?FSA etc -LH","User Created","45","33.42 MB (35,044,817 bytes)"
"/Admin/Insurance WBM/Insurance?FSA etc -LH/Claim","User Created","10","5.798 MB (6,079,763 bytes)"
"/Admin/Owner Comm","User Created","14","7.749 MB (8,125,896 bytes)"
"/Admin/State Farm","User Created","2","8.291 MB (8,694,169 bytes)"
"/AGS Class Action","User Created","2","255.7 KB (261,797 bytes)"
"/AGS Class Action/Client","User Created","18","3.343 MB (3,505,170 bytes)"
"/AGS Class Action/Damages","User Created","2","2.318 MB (2,430,353 bytes)"
"/AGS Class Action/Deps","User Created","0","0 B (0 bytes)"
"/AGS Class Action/Deps/AGS - 30b6","User Created","7","552.4 KB (565,700 bytes)"
"/AGS Class Action/Deps/Plaintyiffs","User Created","3","53.58 MB (56,177,929 bytes)"
"/AGS Class Action/Docs","User Created","12","92.85 MB (97,363,092 bytes)"
"/AGS Class Action/Internal","User Created","391","71.38 MB (74,842,330 bytes)"
"/AGS Class Action/Opposing","User Created","6","714.8 KB (731,941 bytes)"
"/AGS Class Action/PLeadings and Discovery","User Created","105","26.04 MB (27,304,132 bytes)"
"/AGS Class Action/Research","User Created","53","29.53 MB (30,964,962 bytes)"
"/ALSCO","User Created","6","313.5 KB (321,020 bytes)"
"/ALSCO/adv Andritz Hydro Co","User Created","5","524.9 KB (537,524 bytes)"
"/ALSCO/adv Arturo","User Created","1","1.234 KB (1,264 bytes)"
"/ALSCO/adv Greenbriar Food","User Created","1","1.234 KB (1,264 bytes)"
"/ALSCO/adv Irwin Pharm Breach","User Created","26","7.494 MB (7,857,757 bytes)"
"/ALSCO/adv Nez Perce","User Created","1","1.234 KB (1,264 bytes)"
"/ALSCO/adv Qwik Stop","User Created","12","3.251 MB (3,409,174 bytes)"
"/ALSCO/adv Rants & Raves","User Created","1","1.234 KB (1,264 bytes)"
"/ALSCO/adv Sushi Saki","User Created","1","1.234 KB (1,264 bytes)"
"/ALSCO/adv TX Roadhouse","User Created","1","1.234 KB (1,264 bytes)"
"/ALSCO/adv UniFirst Corp 23 LIT","User Created","1","1.234 KB (1,264 bytes)"
"/ALSCO/adv Wendys","User Created","0","0 B (0 bytes)"
"/ALSCO/Automated Accounts","User Created","1","1.234 KB (1,264 bytes)"
"/ALSCO/CBHA","User Created","1","1.234 KB (1,264 bytes)"
"/ALSCO/CBHA/Discovery","User Created","1","1.234 KB (1,264 bytes)"
"/ALSCO/CBHA/Discovery/Production","User Created","1","1.234 KB (1,264 bytes)"
"/ALSCO/CBHA/Pleadings","User Created","1","1.234 KB (1,264 bytes)"
"/ALSCO/CBHA/Pleadings/SOP","User Created","1","1.234 KB (1,264 bytes)"
"/ALSCO/Freedom Truck","User Created","1","1.234 KB (1,264 bytes)"
"/ALSCO - WBM","User Created","15","1.516 MB (1,589,273 bytes)"
"/ALSCO - WBM/AeroComposities","User Created","0","0 B (0 bytes)"
"/ALSCO - WBM/AeroComposities/Client","User Created","14","5.152 MB (5,401,768 bytes)"
"/ALSCO - WBM/AeroComposities/Internal","User Created","1","73.97 KB (75,742 bytes)"
"/ALSCO - WBM/AeroComposities/Opposing","User Created","5","726.6 KB (744,061 bytes)"
"/ALSCO - WBM/Angelo","User Created","0","0 B (0 bytes)"
"/ALSCO - WBM/Angelo/client","User Created","24","11.57 MB (12,129,286 bytes)"
"/ALSCO - WBM/Angelo/Internal","User Created","15","3.825 MB (4,011,196 bytes)"
"/ALSCO - WBM/Angelo/Opposing","User Created","5","2.5 MB (2,621,837 bytes)"
"/ALSCO - WBM/AP Bar","User Created","0","0 B (0 bytes)"
"/ALSCO - WBM/AP Bar/Client","User Created","11","3.527 MB (3,698,591 bytes)"
"/ALSCO - WBM/AP Bar/Internal","User Created","11","3.836 MB (4,022,331 bytes)"
"/ALSCO - WBM/AP Bar/Opposing","User Created","3","2.388 MB (2,504,478 bytes)"
"/ALSCO - WBM/Arrow Leaf","User Created","0","0 B (0 bytes)"
"/ALSCO - WBM/Arrow Leaf/Client","User Created","6","2.374 MB (2,489,462 bytes)"
"/ALSCO - WBM/Arrow Leaf/Internal","User Created","4","293.9 KB (300,941 bytes)"
"/ALSCO - WBM/Arrow Leaf/Opposing","User Created","4","1.985 MB (2,081,533 bytes)"
"/ALSCO - WBM/Beauty at Lake","User Created","0","0 B (0 bytes)"
"/ALSCO - WBM/Beauty at Lake/Client","User Created","13","7.678 MB (8,050,462 bytes)"
"/ALSCO - WBM/Beauty at Lake/Internal","User Created","15","1.401 MB (1,468,992 bytes)"
"/ALSCO - WBM/Beauty at Lake/Opposing","User Created","7","1.84 MB (1,929,613 bytes)"
"/ALSCO - WBM/Branding Iron","User Created","0","0 B (0 bytes)"
"/ALSCO - WBM/Branding Iron/Client","User Created","3","3.513 MB (3,683,604 bytes)"
"/ALSCO - WBM/Branding Iron/Internal","User Created","3","651.4 KB (667,035 bytes)"
"/ALSCO - WBM/Branding Iron/Opposing","User Created","1","137.8 KB (141,110 bytes)"
"/ALSCO - WBM/Cafe Trinity","User Created","0","0 B (0 bytes)"
"/ALSCO - WBM/Cafe Trinity/client","User Created","47","26.17 MB (27,439,263 bytes)"
"/ALSCO - WBM/Cafe Trinity/internal","User Created","32","9.974 MB (10,458,749 bytes)"
"/ALSCO - WBM/Cafe Trinity/Opposing","User Created","14","4.155 MB (4,356,343 bytes)"
"/ALSCO - WBM/Cafe Trinity/Pleadings","User Created","3","497 KB (508,921 bytes)"
"/ALSCO - WBM/Cintas","User Created","0","0 B (0 bytes)"
"/ALSCO - WBM/Cintas/client","User Created","4","227.2 KB (232,650 bytes)"
"/ALSCO - WBM/Cintas/internal","User Created","1","86.64 KB (88,718 bytes)"
"/ALSCO - WBM/Consolidated Supply","User Created","0","0 B (0 bytes)"
"/ALSCO - WBM/Consolidated Supply/Client","User Created","6","1.642 MB (1,721,702 bytes)"
"/ALSCO - WBM/Consolidated Supply/Internal","User Created","7","606.3 KB (620,838 bytes)"
"/ALSCO - WBM/Consolidated Supply/Opposing","User Created","5","1.925 MB (2,018,117 bytes)"
"/ALSCO - WBM/Crux Subsurfacing","User Created","0","0 B (0 bytes)"
"/ALSCO - WBM/Crux Subsurfacing/Client","User Created","3","1.479 MB (1,550,649 bytes)"
"/ALSCO - WBM/Crux Subsurfacing/Internal","User Created","1","70.38 KB (72,065 bytes)"
"/ALSCO - WBM/Crux Subsurfacing/Opposing","User Created","3","1.842 MB (1,931,202 bytes)"
"/ALSCO - WBM/General","User Created","4","2.472 MB (2,592,303 bytes)"
"/ALSCO - WBM/Gladish","User Created","0","0 B (0 bytes)"
"/ALSCO - WBM/Gladish/Client","User Created","29","9.653 MB (10,121,576 bytes)"
"/ALSCO - WBM/Gladish/Internal","User Created","10","841.4 KB (861,548 bytes)"
"/ALSCO - WBM/Gladish/Opposing","User Created","13","2.076 MB (2,176,461 bytes)"
"/ALSCO - WBM/Gozer","User Created","0","0 B (0 bytes)"
"/ALSCO - WBM/Gozer/Client","User Created","2","1.105 MB (1,158,278 bytes)"
"/ALSCO - WBM/Gozer/Internal","User Created","3","284.3 KB (291,115 bytes)"
"/ALSCO - WBM/Gozer/Opposing","User Created","1","801.7 KB (820,916 bytes)"
"/ALSCO - WBM/Gross Donuts","User Created","0","0 B (0 bytes)"
"/ALSCO - WBM/Gross Donuts/client","User Created","4","2.706 MB (2,836,939 bytes)"
"/ALSCO - WBM/Gross Donuts/Internal","User Created","6","562 KB (575,468 bytes)"
"/ALSCO - WBM/Gross Donuts/opposing","User Created","1","217 KB (222,180 bytes)"
"/ALSCO - WBM/Highland Spa PF","User Created","0","0 B (0 bytes)"
"/ALSCO - WBM/Highland Spa PF/Client","User Created","4","2.804 MB (2,940,477 bytes)"
"/ALSCO - WBM/Highland Spa PF/Internal","User Created","1","70.19 KB (71,875 bytes)"
"/ALSCO - WBM/Highland Spa PF/Opposing","User Created","1","633.5 KB (648,706 bytes)"
"/ALSCO - WBM/Highland Store ","User Created","0","0 B (0 bytes)"
"/ALSCO - WBM/Highland Store /Client","User Created","4","2.631 MB (2,758,611 bytes)"
"/ALSCO - WBM/Highland Store /docs","User Created","0","0 B (0 bytes)"
"/ALSCO - WBM/Highland Store /Internal","User Created","5","352.7 KB (361,169 bytes)"
"/ALSCO - WBM/Highland Store /Opposing","User Created","1","133.9 KB (137,117 bytes)"
"/ALSCO - WBM/Highlands Spa CDA","User Created","0","0 B (0 bytes)"
"/ALSCO - WBM/Highlands Spa CDA/Client","User Created","5","4.213 MB (4,417,850 bytes)"
"/ALSCO - WBM/Highlands Spa CDA/Internal","User Created","2","142 KB (145,452 bytes)"
"/ALSCO - WBM/Highlands Spa CDA/Opposing","User Created","1","633.4 KB (648,556 bytes)"
"/ALSCO - WBM/Holiday Inn","User Created","0","0 B (0 bytes)"
"/ALSCO - WBM/Holiday Inn/Client","User Created","4","4.007 MB (4,201,275 bytes)"
"/ALSCO - WBM/Holiday Inn/Internal","User Created","7","4.697 MB (4,924,863 bytes)"
"/ALSCO - WBM/Holiday Inn/Opposing","User Created","3","2.184 MB (2,290,229 bytes)"
"/ALSCO - WBM/Lad Irrigation","User Created","0","0 B (0 bytes)"
"/ALSCO - WBM/Lad Irrigation/Client","User Created","7","4.309 MB (4,518,810 bytes)"
"/ALSCO - WBM/Lad Irrigation/Internal","User Created","13","4.894 MB (5,131,960 bytes)"
"/ALSCO - WBM/Lad Irrigation/Opposing","User Created","2","1.388 MB (1,455,550 bytes)"
"/ALSCO - WBM/Lake Chelan Health","User Created","0","0 B (0 bytes)"
"/ALSCO - WBM/Lake Chelan Health/Client","User Created","30","11.68 MB (12,244,478 bytes)"
"/ALSCO - WBM/Lake Chelan Health/Docs","User Created","1","4.48 MB (4,697,929 bytes)"
"/ALSCO - WBM/Lake Chelan Health/Internal","User Created","13","1.804 MB (1,891,124 bytes)"
"/ALSCO - WBM/Lake Chelan Health/Opposing","User Created","16","7.56 MB (7,927,399 bytes)"
"/ALSCO - WBM/Lake Chelan Health/Research","User Created","1","248.8 KB (254,762 bytes)"
"/ALSCO - WBM/Manito","User Created","0","0 B (0 bytes)"
"/ALSCO - WBM/Manito/Client","User Created","7","5.038 MB (5,282,263 bytes)"
"/ALSCO - WBM/Manito/Internal","User Created","3","314.5 KB (322,040 bytes)"
"/ALSCO - WBM/Manito/Opposing","User Created","0","0 B (0 bytes)"
"/ALSCO - WBM/Mike's Tavern","User Created","0","0 B (0 bytes)"
"/ALSCO - WBM/Mike's Tavern/Client","User Created","3","2.871 MB (3,010,252 bytes)"
"/ALSCO - WBM/Mike's Tavern/Internal","User Created","1","70.37 KB (72,055 bytes)"
"/ALSCO - WBM/Mike's Tavern/Opposing","User Created","1","151.9 KB (155,593 bytes)"
"/ALSCO - WBM/Nectar","User Created","0","0 B (0 bytes)"
"/ALSCO - WBM/Nectar/Client","User Created","4","2.92 MB (3,061,610 bytes)"
"/ALSCO - WBM/Nectar/internal","User Created","7","3.095 MB (3,245,768 bytes)"
"/ALSCO - WBM/Nectar/Opposing","User Created","2","1016 KB (1,040,294 bytes)"
"/ALSCO - WBM/Northwest Auto","User Created","0","0 B (0 bytes)"
"/ALSCO - WBM/Northwest Auto/Client","User Created","9","6.766 MB (7,095,105 bytes)"
"/ALSCO - WBM/Northwest Auto/Internal","User Created","4","633.4 KB (648,629 bytes)"
"/ALSCO - WBM/Northwest Auto/Opposing","User Created","1","1.609 MB (1,686,807 bytes)"
"/ALSCO - WBM/Pacific Power","User Created","0","0 B (0 bytes)"
"/ALSCO - WBM/Pacific Power/Client","User Created","20","3.63 MB (3,806,206 bytes)"
"/ALSCO - WBM/Pacific Power/Internal","User Created","14","5.286 MB (5,542,268 bytes)"
"/ALSCO - WBM/Pacific Power/Opposing","User Created","30","6.821 MB (7,152,050 bytes)"
"/ALSCO - WBM/Papa John's","User Created","0","0 B (0 bytes)"
"/ALSCO - WBM/Papa John's/Client","User Created","7","1.528 MB (1,602,377 bytes)"
"/ALSCO - WBM/Papa John's/Internal","User Created","2","248.5 KB (254,446 bytes)"
"/ALSCO - WBM/Papa John's/Opposing","User Created","4","1.636 MB (1,715,120 bytes)"
"/ALSCO - WBM/Patterson Dental","User Created","1","1.089 MB (1,142,189 bytes)"
"/ALSCO - WBM/Patterson Dental/Client","User Created","17","8.698 MB (9,120,691 bytes)"
"/ALSCO - WBM/Patterson Dental/Docs","User Created","2","3.546 MB (3,717,754 bytes)"
"/ALSCO - WBM/Patterson Dental/Internal","User Created","9","13.17 MB (13,808,696 bytes)"
"/ALSCO - WBM/Patterson Dental/Opposing","User Created","8","4.554 MB (4,775,055 bytes)"
"/ALSCO - WBM/Patty's Mex Kitch","User Created","0","0 B (0 bytes)"
"/ALSCO - WBM/Patty's Mex Kitch/Client","User Created","6","3.251 MB (3,409,400 bytes)"
"/ALSCO - WBM/Patty's Mex Kitch/Internal","User Created","2","206.6 KB (211,542 bytes)"
"/ALSCO - WBM/Patty's Mex Kitch/Opposing","User Created","2","239.4 KB (245,139 bytes)"
"/ALSCO - WBM/Saddle Sore","User Created","0","0 B (0 bytes)"
"/ALSCO - WBM/Saddle Sore/Client","User Created","2","1.133 MB (1,188,186 bytes)"
"/ALSCO - WBM/Saddle Sore/Internal","User Created","2","257.8 KB (264,026 bytes)"
"/ALSCO - WBM/Saddle Sore/Opposing","User Created","1","1.535 MB (1,609,764 bytes)"
"/ALSCO - WBM/Senor Bones","User Created","0","0 B (0 bytes)"
"/ALSCO - WBM/Senor Bones/Client","User Created","4","3.92 MB (4,110,627 bytes)"
"/ALSCO - WBM/Senor Bones/Internal","User Created","1","70.41 KB (72,097 bytes)"
"/ALSCO - WBM/Senor Bones/Opposing","User Created","1","151.4 KB (155,057 bytes)"
"/ALSCO - WBM/Shooters","User Created","1","7.622 KB (7,805 bytes)"
"/ALSCO - WBM/Shooters/Client","User Created","4","2.078 MB (2,178,945 bytes)"
"/ALSCO - WBM/Shooters/Internal","User Created","4","1009 KB (1,033,164 bytes)"
"/ALSCO - WBM/Shooters/Opposing","User Created","3","216.2 KB (221,419 bytes)"
"/ALSCO - WBM/Stevens County Shop","User Created","0","0 B (0 bytes)"
"/ALSCO - WBM/Stevens County Shop/Client","User Created","21","10.69 MB (11,209,398 bytes)"
"/ALSCO - WBM/Stevens County Shop/Internal","User Created","17","1.924 MB (2,017,876 bytes)"
"/ALSCO - WBM/Stevens County Shop/Opposing","User Created","10","1.523 MB (1,597,359 bytes)"
"/ALSCO - WBM/Suntides","User Created","0","0 B (0 bytes)"
"/ALSCO - WBM/Suntides/Client","User Created","3","2.453 MB (2,571,866 bytes)"
"/ALSCO - WBM/Suntides/Internal","User Created","2","248.5 KB (254,513 bytes)"
"/ALSCO - WBM/Suntides/Opposing","User Created","1","1.411 MB (1,479,153 bytes)"
"/ALSCO - WBM/Sweet Frosting","User Created","1","979.7 KB (1,003,211 bytes)"
"/ALSCO - WBM/Sweet Frosting/Client","User Created","11","3.214 MB (3,370,381 bytes)"
"/ALSCO - WBM/Sweet Frosting/Internal","User Created","3","353.5 KB (361,961 bytes)"
"/ALSCO - WBM/Sweet Frosting/Opposing","User Created","2","1.283 MB (1,345,520 bytes)"
"/ALSCO - WBM/Tipsy Pine","User Created","0","0 B (0 bytes)"
"/ALSCO - WBM/Tipsy Pine/Client","User Created","11","3.86 MB (4,047,141 bytes)"
"/ALSCO - WBM/Tipsy Pine/Internal","User Created","11","1.561 MB (1,637,149 bytes)"
"/ALSCO - WBM/Tipsy Pine/Opposing","User Created","2","308.2 KB (315,608 bytes)"
"/ALSCO - WBM/Twin City Food","User Created","0","0 B (0 bytes)"
"/ALSCO - WBM/Twin City Food/Client","User Created","11","10.09 MB (10,583,557 bytes)"
"/ALSCO - WBM/Twin City Food/Docs","User Created","5","10.34 MB (10,845,635 bytes)"
"/ALSCO - WBM/Twin City Food/Internal","User Created","7","1.832 MB (1,920,946 bytes)"
"/ALSCO - WBM/Twin City Food/Opposing","User Created","6","5.366 MB (5,627,043 bytes)"
"/ALSCO - WBM/Wesco","User Created","0","0 B (0 bytes)"
"/ALSCO - WBM/Wesco/Client","User Created","5","1.886 MB (1,977,650 bytes)"
"/ALSCO - WBM/Wesco/Internal","User Created","1","69.57 KB (71,244 bytes)"
"/ALSCO - WBM/Wesco/Opposing","User Created","1","152.3 KB (155,990 bytes)"
"/ALSCO - WBM/Wonderland","User Created","0","0 B (0 bytes)"
"/ALSCO - WBM/Wonderland/Client","User Created","3","3.398 MB (3,562,917 bytes)"
"/ALSCO - WBM/Wonderland/Internal","User Created","2","210.1 KB (215,162 bytes)"
"/ALSCO - WBM/Wonderland/Opposing","User Created","0","0 B (0 bytes)"
"/Archive","Archive","12","1.575 MB (1,651,090 bytes)"
"/Butler","User Created","0","0 B (0 bytes)"
"/Butler/client","User Created","0","0 B (0 bytes)"
"/Butler/Internal","User Created","0","0 B (0 bytes)"
"/Calendar","Calendar","2354","212.3 MB (222,572,434 bytes)"
"/Calendar/calendar1","User Created","0","0 B (0 bytes)"
"/Calendar/Deanna Willman","User Created","6947","109.2 MB (114,467,119 bytes)"
"/Calendar/James McPhee","User Created","8806","189.4 MB (198,624,721 bytes)"
"/Calendar/The Falls Conference Room","User Created","985","4.802 MB (5,035,547 bytes)"
"/Calendar/United States holidays","User Created","164","1.757 MB (1,842,046 bytes)"
"/Calendar/Work","User Created","1","4.098 KB (4,196 bytes)"
"/Colfax - (four star Envir)","User Created","1031","214.7 MB (225,101,413 bytes)"
"/Colfax - (four star Envir)/Colfax-EPA","User Created","0","0 B (0 bytes)"
"/Colfax - (four star Envir)/Colfax-EPA/Client Comm","User Created","29","3.034 MB (3,181,465 bytes)"
"/Colfax - (four star Envir)/Colfax-EPA/Colfax - Herman","User Created","16","168.8 KB (172,878 bytes)"
"/Colfax - (four star Envir)/Colfax-EPA/Comm EPA","User Created","35","2.903 MB (3,044,224 bytes)"
"/Colfax - (four star Envir)/Colfax-EPA/Research","User Created","1","284.1 KB (290,868 bytes)"
"/Colfax - (four star Envir)/Colfx - School Bus Overfill","User Created","0","0 B (0 bytes)"
"/Colfax - (four star Envir)/Colfx - School Bus Overfill/Colfax - Audit","User Created","0","0 B (0 bytes)"
"/Colfax - (four star Envir)/Conger Claim","User Created","0","0 B (0 bytes)"
"/Colfax - (four star Envir)/Conger Claim/DOE","User Created","0","0 B (0 bytes)"
"/Colfax - (four star Envir)/Conger Claim/Insurance","User Created","0","0 B (0 bytes)"
"/Colfax - (four star Envir)/Conger Claim/PLPs","User Created","0","0 B (0 bytes)"
"/Colfax - (four star Envir)/Conger Claim/Remediation","User Created","0","0 B (0 bytes)"
"/Colfax - (four star Envir)/Conger Claim/Zuger","User Created","0","0 B (0 bytes)"
"/Colfax - (four star Envir)/Continental - Coloney - 2009 Claim","User Created","0","0 B (0 bytes)"
"/Colfax - (four star Envir)/Continental - Coloney - 2009 Claim/General","User Created","0","0 B (0 bytes)"
"/Colfax - (four star Envir)/DeSmet","User Created","6","634.2 KB (649,375 bytes)"
"/Colfax - (four star Envir)/DOE Action","User Created","2","391.3 KB (400,727 bytes)"
"/Colfax - (four star Envir)/Insurance","User Created","23","7.833 MB (8,213,250 bytes)"
"/Colfax - (four star Envir)/Insurance Lawsuit","User Created","2","54.71 KB (56,023 bytes)"
"/Colfax - (four star Envir)/Insurance Lawsuit/Counsel","User Created","0","0 B (0 bytes)"
"/Colfax - (four star Envir)/Insurance Lawsuit/Coverage Research","User Created","0","0 B (0 bytes)"
"/Colfax - (four star Envir)/Insurance Lawsuit/Damages","User Created","0","0 B (0 bytes)"
"/Colfax - (four star Envir)/Insurance Lawsuit/Deps","User Created","0","0 B (0 bytes)"
"/Colfax - (four star Envir)/Insurance Lawsuit/Expert","User Created","0","0 B (0 bytes)"
"/Colfax - (four star Envir)/Insurance Lawsuit/Pleadings","User Created","0","0 B (0 bytes)"
"/Colfax - (four star Envir)/Insurance Lawsuit/Research","User Created","0","0 B (0 bytes)"
"/Colfax - (four star Envir)/Insurance Lawsuit/Settlement Issues","User Created","0","0 B (0 bytes)"
"/Colfax - (four star Envir)/Internal","User Created","8","2.231 MB (2,339,206 bytes)"
"/Colfax - (four star Envir)/Kevin - Client","User Created","36","6.289 MB (6,594,160 bytes)"
"/Colfax - (four star Envir)/Key docs","User Created","0","0 B (0 bytes)"
"/Colfax - (four star Envir)/Merger","User Created","0","0 B (0 bytes)"
"/Colfax - (four star Envir)/SES","User Created","79","32.18 MB (33,740,775 bytes)"
"/Colfax - (four star Envir)/Zuger","User Created","0","0 B (0 bytes)"
"/Colfax - (four star Envir)/Zuger/Wendy","User Created","0","0 B (0 bytes)"
"/Contacts","Contacts","1691","12.99 MB (13,622,293 bytes)"
"/Contacts/{06967759-274D-40B2-A3EB-D7F9E73727D7}","QuickContacts","0","0 B (0 bytes)"
"/Contacts/{A9E2BC46-B3A0-4243-B315-60D991004455}","ImContactList","0","0 B (0 bytes)"
"/Contacts/Companies","CompanyContacts","0","0 B (0 bytes)"
"/Contacts/GAL Contacts","GalContacts","0","0 B (0 bytes)"
"/Contacts/Organizational Contacts","OrganizationalContacts","0","0 B (0 bytes)"
"/Contacts/PeopleCentricConversation Buddies","PeopleCentricConversationBuddies","0","0 B (0 bytes)"
"/Contacts/Recipient Cache","RecipientCache","2238","10.37 MB (10,876,706 bytes)"
"/Conversation Action Settings","ConversationActions","0","0 B (0 bytes)"
"/Conversation History","CommunicatorHistory","0","0 B (0 bytes)"
"/Conversation History/Team Chat","TeamChat","0","0 B (0 bytes)"
"/Dami","User Created","0","0 B (0 bytes)"
"/Dami/Client","User Created","0","0 B (0 bytes)"
"/Dami/Internal","User Created","0","0 B (0 bytes)"
"/Dami/Opposing","User Created","0","0 B (0 bytes)"
"/Damrell","User Created","1","312.7 KB (320,251 bytes)"
"/Damrell/Client","User Created","75","19.73 MB (20,689,079 bytes)"
"/Damrell/Docs","User Created","4","10.48 MB (10,986,812 bytes)"
"/Damrell/Internal","User Created","28","11.8 MB (12,368,793 bytes)"
"/Damrell/Probate","User Created","1","883.7 KB (904,916 bytes)"
"/Damrell/State Farm","User Created","17","2.065 MB (2,165,533 bytes)"
"/Deleted Items","DeletedItems","25199","6.18 GB (6,635,639,044 bytes)"
"/Deleted Items/ALSCO - ","User Created","0","0 B (0 bytes)"
"/Deleted Items/B?R","User Created","0","0 B (0 bytes)"
"/Deleted Items/Bruce","User Created","0","0 B (0 bytes)"
"/Deleted Items/Client","User Created","0","0 B (0 bytes)"
"/Deleted Items/Damrell","User Created","0","0 B (0 bytes)"
"/Deleted Items/Deleted Items","User Created","0","0 B (0 bytes)"
"/Deleted Items/Experts","User Created","0","0 B (0 bytes)"
"/Deleted Items/HBI","User Created","0","0 B (0 bytes)"
"/Deleted Items/Insurance Collection","User Created","0","0 B (0 bytes)"
"/Deleted Items/Insurance Collection/Client","User Created","0","0 B (0 bytes)"
"/Deleted Items/Insurance Collection/Internal","User Created","0","0 B (0 bytes)"
"/Deleted Items/Insurance Collection/Opposing","User Created","0","0 B (0 bytes)"
"/Deleted Items/Insurance Collection/pleadings","User Created","0","0 B (0 bytes)"
"/Deleted Items/J-U-B","User Created","0","0 B (0 bytes)"
"/Deleted Items/LH Old","User Created","0","0 B (0 bytes)"
"/Deleted Items/LPG","User Created","1","9.812 KB (10,047 bytes)"
"/Deleted Items/Montly reports","User Created","0","0 B (0 bytes)"
"/Deleted Items/Opposing","User Created","0","0 B (0 bytes)"
"/Deleted Items/Pleadings","User Created","0","0 B (0 bytes)"
"/Deleted Items/Research","User Created","0","0 B (0 bytes)"
"/Deleted Items/Research - forms","User Created","2","9.369 KB (9,594 bytes)"
"/Deleted Items/Research - forms (2) (2)","User Created","0","0 B (0 bytes)"
"/Deleted Items/RH","User Created","0","0 B (0 bytes)"
"/Deleted Items/Robinson","User Created","1","680.3 KB (696,669 bytes)"
"/Deleted Items/SD counsel","User Created","0","0 B (0 bytes)"
"/Deleted Items/Spomer","User Created","0","0 B (0 bytes)"
"/Deleted Items/Summit","User Created","0","0 B (0 bytes)"
"/Deleted Items/Untitled","User Created","1","8.517 KB (8,721 bytes)"
"/Detected Items","User Created","0","0 B (0 bytes)"
"/Drafts","Drafts","0","0 B (0 bytes)"
"/Dreyer- Rae","User Created","0","0 B (0 bytes)"
"/Dreyer- Rae/Discovery","User Created","3","474.5 KB (485,882 bytes)"
"/Dreyer- Rae/Internal","User Created","22","11.5 MB (12,061,270 bytes)"
"/Dreyer- Rae/Opposing","User Created","49","11.81 MB (12,387,665 bytes)"
"/Dreyer- Rae/Pleadings","User Created","34","45.7 MB (47,925,048 bytes)"
"/Dreyer- Rae/Research","User Created","0","0 B (0 bytes)"
"/Dryer - Angulo","User Created","2","375.3 KB (384,354 bytes)"
"/Dryer - Angulo/co-counsel","User Created","64","16.59 MB (17,392,693 bytes)"
"/Dryer - Angulo/Internal","User Created","77","30.27 MB (31,736,257 bytes)"
"/Dryer - Angulo/opposing","User Created","135","84.72 MB (88,837,108 bytes)"
"/Dryer - Angulo/Pleading","User Created","109","62.11 MB (65,123,997 bytes)"
"/Dryer - Angulo/Research","User Created","1","80.16 KB (82,084 bytes)"
"/EventCheckPoints","User Created","0","0 B (0 bytes)"
"/Excelsior - AL","User Created","2","28.18 KB (28,852 bytes)"
"/Excelsior - AL/Client","User Created","0","0 B (0 bytes)"
"/Excelsior - AL/Docs","User Created","0","0 B (0 bytes)"
"/Excelsior - AL/Internal","User Created","0","0 B (0 bytes)"
"/Excelsior - AL/Research","User Created","0","0 B (0 bytes)"
"/ExternalContacts","ExternalContacts","0","0 B (0 bytes)"
"/Ferguson, Tyler","User Created","16","27.5 MB (28,831,760 bytes)"
"/Files","Files","0","0 B (0 bytes)"
"/Four Star - Clean Fuel","User Created","0","0 B (0 bytes)"
"/Four Star - Clean Fuel/Client","User Created","2","112.6 KB (115,325 bytes)"
"/Four Star - Clean Fuel/Internal","User Created","4","133 KB (136,213 bytes)"
"/Four Star - General Business","User Created","2","155.5 KB (159,195 bytes)"
"/Four Star - Pullman spill","User Created","0","0 B (0 bytes)"
"/Four Star - Pullman spill/Client","User Created","0","0 B (0 bytes)"
"/Four Star - Pullman spill/Hartford","User Created","0","0 B (0 bytes)"
"/Four Star - Pullman spill/Internal","User Created","0","0 B (0 bytes)"
"/Four Star - Pullman spill/Opposing - DOE","User Created","0","0 B (0 bytes)"
"/Four Star - St Joe Oil","User Created","8","374.6 KB (383,627 bytes)"
"/Golden Coral","User Created","0","0 B (0 bytes)"
"/Golden Coral/client","User Created","17","24.39 MB (25,579,989 bytes)"
"/Golden Coral/internal","User Created","9","859.4 KB (880,014 bytes)"
"/Golden Coral/Opposing","User Created","0","0 B (0 bytes)"
"/Golf","User Created","3","3.868 MB (4,055,719 bytes)"
"/Grain Craft Ins","User Created","0","0 B (0 bytes)"
"/Grain Craft Ins/Insurance","User Created","0","0 B (0 bytes)"
"/Grain Craft Ins/Insurance/GC-client","User Created","8","4.056 MB (4,253,400 bytes)"
"/Grain Craft Ins/Insurance/Internal","User Created","0","0 B (0 bytes)"
"/Grain Craft Ins/Insurance/James","User Created","0","0 B (0 bytes)"
"/Grain Craft Ins/Insurance/opposing","User Created","9","4.287 MB (4,495,205 bytes)"
"/Grain Craft Ins/Insurance/Policy and docs","User Created","0","0 B (0 bytes)"
"/Grain Craft Ins/Insurance/Research","User Created","0","0 B (0 bytes)"
"/Grain Craft Ins/Insurance/SG","User Created","0","0 B (0 bytes)"
"/Helical - Davis","User Created","2","44.94 KB (46,015 bytes)"
"/Helical - Davis/Chopot Settlement","User Created","172","51.78 MB (54,291,274 bytes)"
"/Helical - Davis/client","User Created","274","150 MB (157,336,359 bytes)"
"/Helical - Davis/Docs","User Created","19","62.81 MB (65,858,731 bytes)"
"/Helical - Davis/Internal","User Created","102","17.32 MB (18,165,744 bytes)"
"/Helical - Davis/Meyers settlemenmt","User Created","154","70.39 MB (73,813,462 bytes)"
"/Helical - Davis/opposing","User Created","37","5.667 MB (5,942,471 bytes)"
"/Helical - Davis/Pleading + Discv","User Created","15","10.25 MB (10,750,185 bytes)"
"/Helical - Davis/Research","User Created","12","915.8 KB (937,750 bytes)"
"/Helical - Davis/Site photos","User Created","1","70.48 KB (72,168 bytes)"
"/Helical - Davis/Survey - Seiger","User Created","74","48.4 MB (50,754,167 bytes)"
"/Helical - Davis/Witness","User Created","0","0 B (0 bytes)"
"/Helical - Davis/Witness/Bill Berrigan","User Created","11","10.4 MB (10,900,854 bytes)"
"/Helical - Davis/Witness/Kirk Phillips","User Created","5","1.079 MB (1,131,576 bytes)"
"/Helical - Davis/Witness/Meyers","User Created","2","220.1 KB (225,412 bytes)"
"/Helical - Davis/Witness/Samson","User Created","4","333.7 KB (341,757 bytes)"
"/Hospitality Assoc","User Created","1","83.61 KB (85,617 bytes)"
"/Hospitality Assoc/Bend","User Created","1","100.4 KB (102,805 bytes)"
"/Hospitality Assoc/Bend/Client","User Created","114","21.4 MB (22,436,621 bytes)"
"/Hospitality Assoc/Bend/Internal","User Created","11","2.83 MB (2,967,368 bytes)"
"/Hospitality Assoc/Bend/Opposing","User Created","41","7.471 MB (7,834,207 bytes)"
"/Hospitality Assoc/Dadson Washer","User Created","0","0 B (0 bytes)"
"/Hospitality Assoc/Dadson Washer/client","User Created","49","16.51 MB (17,309,801 bytes)"
"/Hospitality Assoc/Dadson Washer/internal","User Created","10","2.029 MB (2,127,589 bytes)"
"/Hospitality Assoc/Dadson Washer/opposing","User Created","13","6.477 MB (6,791,301 bytes)"
"/Hospitality Assoc/HA v Insurance Covid","User Created","0","0 B (0 bytes)"
"/Hospitality Assoc/HA v Insurance Covid/Client","User Created","40","19.36 MB (20,301,778 bytes)"
"/Hospitality Assoc/HA v Insurance Covid/Docs","User Created","2","136.5 KB (139,779 bytes)"
"/Hospitality Assoc/HA v Insurance Covid/Internal","User Created","16","2.244 MB (2,353,228 bytes)"
"/Hospitality Assoc/HA v Insurance Covid/Opposing","User Created","5","1.296 MB (1,359,411 bytes)"
"/Hospitality Assoc/HA v Insurance Covid/Policies","User Created","15","70.35 MB (73,769,220 bytes)"
"/Hospitality Assoc/HA v Insurance Covid/Research","User Created","31","64.41 MB (67,536,194 bytes)"
"/Hospitality Assoc/MOE - Tropicana Ins","User Created","0","0 B (0 bytes)"
"/Hospitality Assoc/MOE - Tropicana Ins/Client","User Created","6","977 KB (1,000,477 bytes)"
"/Hospitality Assoc/MOE - Tropicana Ins/Internal","User Created","3","469.4 KB (480,628 bytes)"
"/Inbox","Inbox","124","73.83 MB (77,416,992 bytes)"
"/Inbox/Blair, Bryan","User Created","6","4.938 MB (5,177,595 bytes)"
"/Inbox/GPP","User Created","10","1.487 MB (1,559,457 bytes)"
"/Inbox/Inspection Claims","User Created","3","340.4 KB (348,614 bytes)"
"/Inbox/Jake - UA Appeal","User Created","37","26.47 MB (27,751,730 bytes)"
"/Inbox/NJ Biddle House","User Created","1","102.7 KB (105,173 bytes)"
"/Inbox/NJ Biddle House/Afford Restoration","User Created","15","22.61 MB (23,709,222 bytes)"
"/Inbox/NJ Biddle House/Bill","User Created","1","412.5 KB (422,380 bytes)"
"/Inbox/NJ Biddle House/CDR","User Created","2","1.761 MB (1,846,153 bytes)"
"/Inbox/NJ Biddle House/Client and Traci","User Created","169","98.3 MB (103,075,899 bytes)"
"/Inbox/NJ Biddle House/Damages - remediation","User Created","17","12.25 MB (12,842,347 bytes)"
"/Inbox/NJ Biddle House/docs pics notes facts","User Created","7","25.67 MB (26,915,332 bytes)"
"/Inbox/NJ Biddle House/Experts","User Created","25","10.19 MB (10,689,170 bytes)"
"/Inbox/NJ Biddle House/Experts/CDS","User Created","1","107.5 KB (110,039 bytes)"
"/Inbox/NJ Biddle House/Experts/Dave Nerren","User Created","9","4.525 MB (4,744,595 bytes)"
"/Inbox/NJ Biddle House/Experts/DCI","User Created","3","232.4 KB (237,934 bytes)"
"/Inbox/NJ Biddle House/Ins - NJ","User Created","2","1.875 MB (1,966,546 bytes)"
"/Inbox/NJ Biddle House/Insurance - North","User Created","20","15.79 MB (16,561,142 bytes)"
"/Inbox/NJ Biddle House/Internal","User Created","18","6.714 MB (7,039,867 bytes)"
"/Inbox/NJ Biddle House/Mediation - Settle","User Created","146","208.8 MB (218,940,634 bytes)"
"/Inbox/NJ Biddle House/Opposing","User Created","97","73.31 MB (76,867,868 bytes)"
"/Inbox/NJ Biddle House/Research","User Created","7","816.6 KB (836,192 bytes)"
"/Inbox/NJ Biddle House/Timber","User Created","11","6.029 MB (6,321,880 bytes)"
"/Journal","Journal","0","0 B (0 bytes)"
"/JUB","User Created","0","0 B (0 bytes)"
"/JUB/Barthels","User Created","0","0 B (0 bytes)"
"/JUB/Covid EO Vax","User Created","18","3.003 MB (3,148,721 bytes)"
"/JUB/Hattie Zobott","User Created","2","189.1 KB (193,654 bytes)"
"/JUB/Hattie Zobott/2018 Investigation","User Created","2","178.8 KB (183,098 bytes)"
"/JUB/Hattie Zobott/2020 Investigation","User Created","67","16.24 MB (17,030,121 bytes)"
"/JUB/Hattie Zobott/Internal","User Created","9","825.9 KB (845,699 bytes)"
"/JUB/Hattie Zobott/Opposing","User Created","20","2.255 MB (2,364,541 bytes)"
"/JUB/Hattie Zobott/Priv comm","User Created","76","12.42 MB (13,020,937 bytes)"
"/JUB/JUB - OSHA","User Created","2","92.24 KB (94,453 bytes)"
"/JUB/JUB - Talbot","User Created","1","55.25 KB (56,581 bytes)"
"/JUB/JUB - Talbot/Client Docs","User Created","0","0 B (0 bytes)"
"/JUB/JUB - Talbot/Firemans Funds","User Created","0","0 B (0 bytes)"
"/JUB/JUB - Talbot/Handbook","User Created","0","0 B (0 bytes)"
"/JUB/JUB - Talbot/Kinion Suit","User Created","0","0 B (0 bytes)"
"/JUB/JUB - Talbot/L&I","User Created","0","0 B (0 bytes)"
"/JUB/JUB - Talbot/Research","User Created","0","0 B (0 bytes)"
"/JUB/JUB - Talbot/Safety Plan Appeal","User Created","0","0 B (0 bytes)"
"/JUB/JUB - Talbot/Unemployment Appeal","User Created","0","0 B (0 bytes)"
"/JUB/JUB General","User Created","133","35.46 MB (37,184,357 bytes)"
"/JUB/Omak accident","User Created","0","0 B (0 bytes)"
"/JUB/Omak accident/client","User Created","18","1.354 MB (1,419,365 bytes)"
"/JUB/Omak accident/Internal","User Created","8","506.9 KB (519,080 bytes)"
"/JUB/Riedesel Engineering","User Created","0","0 B (0 bytes)"
"/JUB/Riedesel Engineering/Client","User Created","0","0 B (0 bytes)"
"/JUB/Riedesel Engineering/co-counsel","User Created","0","0 B (0 bytes)"
"/JUB/Riedesel Engineering/Interna","User Created","0","0 B (0 bytes)"
"/JUB/Riedesel Engineering/Opposing","User Created","0","0 B (0 bytes)"
"/JUB/Riedesel Engineering/Pleadings","User Created","0","0 B (0 bytes)"
"/Junk Email","JunkEmail","36","2.772 MB (2,906,695 bytes)"
"/Lamoreaux - HOA","User Created","10","949.9 KB (972,713 bytes)"
"/Loiacono","User Created","27","7.826 MB (8,206,567 bytes)"
"/Malbco - Mulloy matters","User Created","0","0 B (0 bytes)"
"/Malbco - Mulloy matters/Astoria - Ins","User Created","0","0 B (0 bytes)"
"/Malbco - Mulloy matters/Best Western","User Created","0","0 B (0 bytes)"
"/Malbco - Mulloy matters/Best Western/Client","User Created","7","688.3 KB (704,810 bytes)"
"/Malbco - Mulloy matters/Best Western/Internal","User Created","6","593 KB (607,218 bytes)"
"/Malbco - Mulloy matters/Best Western/Opposing","User Created","7","4.465 MB (4,682,372 bytes)"
"/Malbco - Mulloy matters/Cingular","User Created","0","0 B (0 bytes)"
"/Malbco - Mulloy matters/Cingular/Black Dot","User Created","0","0 B (0 bytes)"
"/Malbco - Mulloy matters/Cingular/Client Comm","User Created","0","0 B (0 bytes)"
"/Malbco - Mulloy matters/Cingular/Court comm","User Created","0","0 B (0 bytes)"
"/Malbco - Mulloy matters/Cingular/depositions","User Created","0","0 B (0 bytes)"
"/Malbco - Mulloy matters/Cingular/Docs","User Created","0","0 B (0 bytes)"
"/Malbco - Mulloy matters/Cingular/Mediation-Settlement","User Created","0","0 B (0 bytes)"
"/Malbco - Mulloy matters/Cingular/Opposing Comm","User Created","0","0 B (0 bytes)"
"/Malbco - Mulloy matters/Cingular/Pleadings Disc","User Created","0","0 B (0 bytes)"
"/Malbco - Mulloy matters/Cingular/Research","User Created","0","0 B (0 bytes)"
"/Malbco - Mulloy matters/Cingular/Tasks","User Created","0","0 B (0 bytes)"
"/Malbco - Mulloy matters/Columbia River Hotel","User Created","0","0 B (0 bytes)"
"/Malbco - Mulloy matters/Columbia River Hotel/Client","User Created","9","8.379 MB (8,785,823 bytes)"
"/Malbco - Mulloy matters/Columbia River Hotel/Internal","User Created","3","416.6 KB (426,602 bytes)"
"/Malbco - Mulloy matters/Columbia River Hotel/Opposing","User Created","0","0 B (0 bytes)"
"/Malbco - Mulloy matters/Eugene","User Created","0","0 B (0 bytes)"
"/Malbco - Mulloy matters/Flathead - MDHO ","User Created","0","0 B (0 bytes)"
"/Malbco - Mulloy matters/Flathead - MDHO /Client","User Created","38","14.82 MB (15,539,813 bytes)"
"/Malbco - Mulloy matters/Flathead - MDHO /Internal","User Created","28","3.761 MB (3,943,601 bytes)"
"/Malbco - Mulloy matters/Flathead - MDHO /Opposing","User Created","10","2.546 MB (2,670,089 bytes)"
"/Malbco - Mulloy matters/Great Falls","User Created","0","0 B (0 bytes)"
"/Malbco - Mulloy matters/Great Falls/Client","User Created","30","14 MB (14,678,067 bytes)"
"/Malbco - Mulloy matters/Great Falls/Internal","User Created","20","2.889 MB (3,028,903 bytes)"
"/Malbco - Mulloy matters/Great Falls/Opposing","User Created","12","4.284 MB (4,492,583 bytes)"
"/Malbco - Mulloy matters/HBI v. Southridge - Kenewick","User Created","0","0 B (0 bytes)"
"/Malbco - Mulloy matters/HBI v. Southridge - Kenewick/AAA  and Arbitaror Comm","User Created","258","67.39 MB (70,663,730 bytes)"
"/Malbco - Mulloy matters/HBI v. Southridge - Kenewick/AAA - Pleadings and discovery","User Created","109","157.1 MB (164,746,682 bytes)"
"/Malbco - Mulloy matters/HBI v. Southridge - Kenewick/Arch","User Created","6","2.008 MB (2,105,591 bytes)"
"/Malbco - Mulloy matters/HBI v. Southridge - Kenewick/Client","User Created","942","406.8 MB (426,520,796 bytes)"
"/Malbco - Mulloy matters/HBI v. Southridge - Kenewick/Damages","User Created","26","4.672 MB (4,899,469 bytes)"
"/Malbco - Mulloy matters/HBI v. Southridge - Kenewick/doc manag","User Created","54","5.351 MB (5,611,351 bytes)"
"/Malbco - Mulloy matters/HBI v. Southridge - Kenewick/Docs","User Created","70","68.75 MB (72,092,532 bytes)"
"/Malbco - Mulloy matters/HBI v. Southridge - Kenewick/Experts","User Created","8","1.321 MB (1,385,239 bytes)"
"/Malbco - Mulloy matters/HBI v. Southridge - Kenewick/Experts/Lenore","User Created","30","7.761 MB (8,137,738 bytes)"
"/Malbco - Mulloy matters/HBI v. Southridge - Kenewick/Experts/Paul Shelton - Construction Manag","User Created","244","67.26 MB (70,529,783 bytes)"
"/Malbco - Mulloy matters/HBI v. Southridge - Kenewick/Experts/Total Frame Expert","User Created","0","0 B (0 bytes)"
"/Malbco - Mulloy matters/HBI v. Southridge - Kenewick/Foerign Judgment","User Created","6","515.2 KB (527,609 bytes)"
"/Malbco - Mulloy matters/HBI v. Southridge - Kenewick/HBI DIssol and Receiver","User Created","67","54.43 MB (57,069,062 bytes)"
"/Malbco - Mulloy matters/HBI v. Southridge - Kenewick/HBI Lien Removal","User Created","7","26.74 MB (28,035,361 bytes)"
"/Malbco - Mulloy matters/HBI v. Southridge - Kenewick/HBI Lien Removal/Bond  - Title","User Created","139","18.95 MB (19,865,316 bytes)"
"/Malbco - Mulloy matters/HBI v. Southridge - Kenewick/HBI Lien Removal/Client","User Created","78","8.98 MB (9,416,736 bytes)"
"/Malbco - Mulloy matters/HBI v. Southridge - Kenewick/HBI Lien Removal/Court comm","User Created","24","4.224 MB (4,429,682 bytes)"
"/Malbco - Mulloy matters/HBI v. Southridge - Kenewick/HBI Lien Removal/docs","User Created","0","0 B (0 bytes)"
"/Malbco - Mulloy matters/HBI v. Southridge - Kenewick/HBI Lien Removal/Harco Comm","User Created","75","36.63 MB (38,405,059 bytes)"
"/Malbco - Mulloy matters/HBI v. Southridge - Kenewick/HBI Lien Removal/Internal","User Created","88","15.38 MB (16,131,146 bytes)"
"/Malbco - Mulloy matters/HBI v. Southridge - Kenewick/HBI Lien Removal/Opposing","User Created","28","6.083 MB (6,378,458 bytes)"
"/Malbco - Mulloy matters/HBI v. Southridge - Kenewick/HBI Lien Removal/Pleadings","User Created","31","22.44 MB (23,531,397 bytes)"
"/Malbco - Mulloy matters/HBI v. Southridge - Kenewick/HBI Lien Removal/Research","User Created","6","877.4 KB (898,440 bytes)"
"/Malbco - Mulloy matters/HBI v. Southridge - Kenewick/HBI Lien Removal/Stewart Title","User Created","11","1.843 MB (1,932,578 bytes)"
"/Malbco - Mulloy matters/HBI v. Southridge - Kenewick/Internal","User Created","301","167.1 MB (175,266,340 bytes)"
"/Malbco - Mulloy matters/HBI v. Southridge - Kenewick/KEI v McGee and South","User Created","1","156.6 KB (160,390 bytes)"
"/Malbco - Mulloy matters/HBI v. Southridge - Kenewick/KEI v McGee and South/Client","User Created","164","49.14 MB (51,523,442 bytes)"
"/Malbco - Mulloy matters/HBI v. Southridge - Kenewick/KEI v McGee and South/docs","User Created","35","84.36 MB (88,454,109 bytes)"
"/Malbco - Mulloy matters/HBI v. Southridge - Kenewick/KEI v McGee and South/Internal","User Created","65","27.65 MB (28,995,655 bytes)"
"/Malbco - Mulloy matters/HBI v. Southridge - Kenewick/KEI v McGee and South/LOC (mcgee too)","User Created","5","6.202 MB (6,503,325 bytes)"
"/Malbco - Mulloy matters/HBI v. Southridge - Kenewick/KEI v McGee and South/opposing","User Created","29","37.39 MB (39,203,781 bytes)"
"/Malbco - Mulloy matters/HBI v. Southridge - Kenewick/KEI v McGee and South/pleadings and discovery","User Created","26","32.48 MB (34,058,140 bytes)"
"/Malbco - Mulloy matters/HBI v. Southridge - Kenewick/KEI v McGee and South/research","User Created","2","177.7 KB (181,977 bytes)"
"/Malbco - Mulloy matters/HBI v. Southridge - Kenewick/KEI v McGee and South/witness","User Created","6","453.4 KB (464,294 bytes)"
"/Malbco - Mulloy matters/HBI v. Southridge - Kenewick/McGee claim and lien","User Created","0","0 B (0 bytes)"
"/Malbco - Mulloy matters/HBI v. Southridge - Kenewick/McGee claim and lien/AAA and arb comm","User Created","3","1.76 MB (1,845,822 bytes)"
"/Malbco - Mulloy matters/HBI v. Southridge - Kenewick/McGee claim and lien/AAA pleadings","User Created","2","6.263 MB (6,567,595 bytes)"
"/Malbco - Mulloy matters/HBI v. Southridge - Kenewick/McGee claim and lien/Bond- LOC","User Created","6","2.129 MB (2,232,695 bytes)"
"/Malbco - Mulloy matters/HBI v. Southridge - Kenewick/McGee claim and lien/Client","User Created","9","4.61 MB (4,834,172 bytes)"
"/Malbco - Mulloy matters/HBI v. Southridge - Kenewick/McGee claim and lien/Internal","User Created","11","4.208 MB (4,412,419 bytes)"
"/Malbco - Mulloy matters/HBI v. Southridge - Kenewick/McGee claim and lien/Opposing","User Created","0","0 B (0 bytes)"
"/Malbco - Mulloy matters/HBI v. Southridge - Kenewick/McGee claim and lien/Pleadings - lien","User Created","0","0 B (0 bytes)"
"/Malbco - Mulloy matters/HBI v. Southridge - Kenewick/opposing","User Created","236","53.36 MB (55,949,244 bytes)"
"/Malbco - Mulloy matters/HBI v. Southridge - Kenewick/Research","User Created","78","21.3 MB (22,330,811 bytes)"
"/Malbco - Mulloy matters/HBI v. Southridge - Kenewick/SD Action- ","User Created","47","22.8 MB (23,909,084 bytes)"
"/Malbco - Mulloy matters/HBI v. Southridge - Kenewick/Total Frame - ","User Created","0","0 B (0 bytes)"
"/Malbco - Mulloy matters/HBI v. Southridge - Kenewick/Total Frame - /AAA -Arb Communications","User Created","76","18.36 MB (19,246,872 bytes)"
"/Malbco - Mulloy matters/HBI v. Southridge - Kenewick/Total Frame - /AAA pleadings","User Created","4","5.39 MB (5,651,514 bytes)"
"/Malbco - Mulloy matters/HBI v. Southridge - Kenewick/Total Frame - /Bank","User Created","0","0 B (0 bytes)"
"/Malbco - Mulloy matters/HBI v. Southridge - Kenewick/Total Frame - /Bond","User Created","3","361.5 KB (370,149 bytes)"
"/Malbco - Mulloy matters/HBI v. Southridge - Kenewick/Total Frame - /client","User Created","96","46.04 MB (48,273,441 bytes)"
"/Malbco - Mulloy matters/HBI v. Southridge - Kenewick/Total Frame - /Docs","User Created","16","34.04 MB (35,691,261 bytes)"
"/Malbco - Mulloy matters/HBI v. Southridge - Kenewick/Total Frame - /internal","User Created","65","8.881 MB (9,312,471 bytes)"
"/Malbco - Mulloy matters/HBI v. Southridge - Kenewick/Total Frame - /opposing","User Created","80","16.98 MB (17,804,141 bytes)"
"/Malbco - Mulloy matters/HBI v. Southridge - Kenewick/Total Frame - /pleading - Bond lien action","User Created","7","1.221 MB (1,280,312 bytes)"
"/Malbco - Mulloy matters/HBI v. Southridge - Kenewick/Total Frame - /Research","User Created","5","1.081 MB (1,133,968 bytes)"
"/Malbco - Mulloy matters/HBI v. Southridge - Kenewick/Total Frame - /Service","User Created","7","6.95 MB (7,287,748 bytes)"
"/Malbco - Mulloy matters/Kalispell","User Created","0","0 B (0 bytes)"
"/Malbco - Mulloy matters/Kalispell/Client","User Created","2","473.1 KB (484,494 bytes)"
"/Malbco - Mulloy matters/Kalispell/Internal","User Created","2","155.8 KB (159,517 bytes)"
"/Malbco - Mulloy matters/Kalispell/Oppoosing","User Created","2","1.22 MB (1,279,356 bytes)"
"/Malbco - Mulloy matters/Newport Hotel","User Created","0","0 B (0 bytes)"
"/Malbco - Mulloy matters/Newport Hotel/Client","User Created","34","3.947 MB (4,138,727 bytes)"
"/Malbco - Mulloy matters/Newport Hotel/Docs","User Created","4","10.64 MB (11,153,191 bytes)"
"/Malbco - Mulloy matters/Newport Hotel/Internal","User Created","26","14.59 MB (15,295,794 bytes)"
"/Malbco - Mulloy matters/Newport Hotel/Opposing","User Created","10","3.155 MB (3,308,573 bytes)"
"/Malbco - Mulloy matters/North Star Inn-Vestments","User Created","1","119.3 KB (122,139 bytes)"
"/Malbco - Mulloy matters/North Star Inn-Vestments/Client","User Created","52","16.03 MB (16,804,299 bytes)"
"/Malbco - Mulloy matters/North Star Inn-Vestments/Co-counsel","User Created","3","449 KB (459,816 bytes)"
"/Malbco - Mulloy matters/North Star Inn-Vestments/Docs","User Created","5","2.011 MB (2,108,611 bytes)"
"/Malbco - Mulloy matters/North Star Inn-Vestments/Internal","User Created","6","477.9 KB (489,356 bytes)"
"/Malbco - Mulloy matters/North Star Inn-Vestments/Opposing","User Created","12","6.011 MB (6,303,015 bytes)"
"/Malbco - Mulloy matters/North Star Inn-Vestments/Research","User Created","4","327.2 KB (335,039 bytes)"
"/Malbco - Mulloy matters/Spokane South Medical - HBI","User Created","9","1.291 MB (1,353,221 bytes)"
"/Malbco - Mulloy matters/Spokane South Medical - HBI/AAA and arb comm","User Created","233","56.36 MB (59,097,523 bytes)"
"/Malbco - Mulloy matters/Spokane South Medical - HBI/AAA- pleadings and disc","User Created","93","336 MB (352,275,055 bytes)"
"/Malbco - Mulloy matters/Spokane South Medical - HBI/Arch","User Created","12","21.43 MB (22,467,839 bytes)"
"/Malbco - Mulloy matters/Spokane South Medical - HBI/Bank","User Created","12","8.009 MB (8,397,864 bytes)"
"/Malbco - Mulloy matters/Spokane South Medical - HBI/Burlingame","User Created","2","254.5 KB (260,627 bytes)"
"/Malbco - Mulloy matters/Spokane South Medical - HBI/Burlingame/Client","User Created","7","2.917 MB (3,058,807 bytes)"
"/Malbco - Mulloy matters/Spokane South Medical - HBI/Burlingame/Opposing","User Created","10","3.645 MB (3,822,305 bytes)"
"/Malbco - Mulloy matters/Spokane South Medical - HBI/Burlingame/Pleadings","User Created","5","3.223 MB (3,379,904 bytes)"
"/Malbco - Mulloy matters/Spokane South Medical - HBI/Burlingame/Research","User Created","8","1.003 MB (1,051,595 bytes)"
"/Malbco - Mulloy matters/Spokane South Medical - HBI/Client","User Created","574","255.2 MB (267,568,780 bytes)"
"/Malbco - Mulloy matters/Spokane South Medical - HBI/Damages","User Created","24","37.7 MB (39,526,828 bytes)"
"/Malbco - Mulloy matters/Spokane South Medical - HBI/Doc managment","User Created","91","17.1 MB (17,934,848 bytes)"
"/Malbco - Mulloy matters/Spokane South Medical - HBI/Docs","User Created","81","185.9 MB (194,960,708 bytes)"
"/Malbco - Mulloy matters/Spokane South Medical - HBI/Experts","User Created","2","116.5 KB (119,340 bytes)"
"/Malbco - Mulloy matters/Spokane South Medical - HBI/Experts/Experts NOT used","User Created","0","0 B (0 bytes)"
"/Malbco - Mulloy matters/Spokane South Medical - HBI/Experts/Experts NOT used/OAC - Dan","User Created","11","4.993 MB (5,235,794 bytes)"
"/Malbco - Mulloy matters/Spokane South Medical - HBI/Experts/Experts NOT used/Rimkus","User Created","22","6.969 MB (7,307,518 bytes)"
"/Malbco - Mulloy matters/Spokane South Medical - HBI/Experts/Experts NOT used/Sage","User Created","6","958 KB (981,014 bytes)"
"/Malbco - Mulloy matters/Spokane South Medical - HBI/Experts/Lenore","User Created","0","0 B (0 bytes)"
"/Malbco - Mulloy matters/Spokane South Medical - HBI/Experts/Paul Shelton","User Created","69","10.61 MB (11,124,556 bytes)"
"/Malbco - Mulloy matters/Spokane South Medical - HBI/Experts/YAE Service - Lee","User Created","222","222.8 MB (233,655,359 bytes)"
"/Malbco - Mulloy matters/Spokane South Medical - HBI/HBI Dissolution- receiver","User Created","46","31.92 MB (33,474,408 bytes)"
"/Malbco - Mulloy matters/Spokane South Medical - HBI/Internal","User Created","287","216.1 MB (226,563,999 bytes)"
"/Malbco - Mulloy matters/Spokane South Medical - HBI/Lien Release - Spk County","User Created","0","0 B (0 bytes)"
"/Malbco - Mulloy matters/Spokane South Medical - HBI/Lien Release - Spk County/Bank-lien-bond","User Created","26","11.51 MB (12,064,708 bytes)"
"/Malbco - Mulloy matters/Spokane South Medical - HBI/Lien Release - Spk County/Client","User Created","87","21.08 MB (22,104,779 bytes)"
"/Malbco - Mulloy matters/Spokane South Medical - HBI/Lien Release - Spk County/Docs","User Created","10","4.462 MB (4,678,364 bytes)"
"/Malbco - Mulloy matters/Spokane South Medical - HBI/Lien Release - Spk County/Internal","User Created","29","15.48 MB (16,235,179 bytes)"
"/Malbco - Mulloy matters/Spokane South Medical - HBI/Lien Release - Spk County/Opposing","User Created","62","13.45 MB (14,099,787 bytes)"
"/Malbco - Mulloy matters/Spokane South Medical - HBI/Lien Release - Spk County/Pleadings - disc - ct comm","User Created","85","146.8 MB (153,893,516 bytes)"
"/Malbco - Mulloy matters/Spokane South Medical - HBI/Lien Release - Spk County/Research","User Created","16","2.475 MB (2,594,989 bytes)"
"/Malbco - Mulloy matters/Spokane South Medical - HBI/Opposing","User Created","209","65.43 MB (68,607,678 bytes)"
"/Malbco - Mulloy matters/Spokane South Medical - HBI/Research","User Created","29","8.98 MB (9,416,578 bytes)"
"/Malbco - Mulloy matters/Spokane South Medical - HBI/Roof damage","User Created","8","8.47 MB (8,881,299 bytes)"
"/Malbco - Mulloy matters/Spokane South Medical - HBI/SD Action - confirm","User Created","1","7.583 KB (7,765 bytes)"
"/Malbco - Mulloy matters/Spokane South Medical - HBI/SD Action - confirm/client","User Created","71","15.69 MB (16,447,466 bytes)"
"/Malbco - Mulloy matters/Spokane South Medical - HBI/SD Action - confirm/internal","User Created","24","2.953 MB (3,096,400 bytes)"
"/Malbco - Mulloy matters/Spokane South Medical - HBI/SD Action - confirm/opposing","User Created","12","5.331 MB (5,590,064 bytes)"
"/Malbco - Mulloy matters/Spokane South Medical - HBI/SD Action - confirm/pleadings","User Created","33","67.23 MB (70,492,731 bytes)"
"/Malbco - Mulloy matters/Spokane South Medical - HBI/SD Action - confirm/research","User Created","6","9.803 MB (10,279,146 bytes)"
"/Malbco - Mulloy matters/Spokane South Medical - HBI/SD Action - confirm/SD counsel","User Created","205","113.8 MB (119,370,642 bytes)"
"/Malbco - Mulloy matters/Spokane South Medical - HBI/Simpson - Slip","User Created","32","35.6 MB (37,334,039 bytes)"
"/Malbco - Mulloy matters/Spokane South Medical - HBI/Witness - sub","User Created","16","16.95 MB (17,771,765 bytes)"
"/Malbco - Mulloy matters/Spokane South Medical - HBI/Witness - sub/Accuflo","User Created","3","605.1 KB (619,614 bytes)"
"/Malbco - Mulloy matters/Spokane South Medical - HBI/Witness - sub/Adams Clark","User Created","3","400.4 KB (409,981 bytes)"
"/Malbco - Mulloy matters/Spokane South Medical - HBI/Witness - sub/belfor","User Created","1","115.2 KB (117,917 bytes)"
"/Malbco - Mulloy matters/Spokane South Medical - HBI/Witness - sub/City of Spokane","User Created","3","203.5 KB (208,420 bytes)"
"/Malbco - Mulloy matters/Spokane South Medical - HBI/Witness - sub/DC Eng","User Created","17","1.688 MB (1,769,577 bytes)"
"/Malbco - Mulloy matters/Spokane South Medical - HBI/Witness - sub/Divcon","User Created","26","5.409 MB (5,672,125 bytes)"
"/Malbco - Mulloy matters/Spokane South Medical - HBI/Witness - sub/Door Services","User Created","2","2.126 MB (2,229,221 bytes)"
"/Malbco - Mulloy matters/Spokane South Medical - HBI/Witness - sub/Dundee","User Created","5","12.31 MB (12,904,094 bytes)"
"/Malbco - Mulloy matters/Spokane South Medical - HBI/Witness - sub/gale contractor","User Created","2","7.906 MB (8,290,329 bytes)"
"/Malbco - Mulloy matters/Spokane South Medical - HBI/Witness - sub/Greg Miller","User Created","1","92.28 KB (94,498 bytes)"
"/Malbco - Mulloy matters/Spokane South Medical - HBI/Witness - sub/HDT Pools","User Created","7","490.7 KB (502,477 bytes)"
"/Malbco - Mulloy matters/Spokane South Medical - HBI/Witness - sub/HVAC","User Created","1","99.99 KB (102,385 bytes)"
"/Malbco - Mulloy matters/Spokane South Medical - HBI/Witness - sub/JRA Arch - Dale","User Created","19","5.587 MB (5,858,795 bytes)"
"/Malbco - Mulloy matters/Spokane South Medical - HBI/Witness - sub/Lindsay","User Created","2","194.8 KB (199,463 bytes)"
"/Malbco - Mulloy matters/Spokane South Medical - HBI/Witness - sub/Mattson, Craig","User Created","4","215.3 KB (220,509 bytes)"
"/Malbco - Mulloy matters/Spokane South Medical - HBI/Witness - sub/MC Squared","User Created","20","6.139 MB (6,437,316 bytes)"
"/Malbco - Mulloy matters/Spokane South Medical - HBI/Witness - sub/MC Squared/Tolling","User Created","29","20.04 MB (21,014,607 bytes)"
"/Malbco - Mulloy matters/Spokane South Medical - HBI/Witness - sub/Merit elc","User Created","32","44.63 MB (46,800,559 bytes)"
"/Malbco - Mulloy matters/Spokane South Medical - HBI/Witness - sub/Moser","User Created","5","275 KB (281,596 bytes)"
"/Malbco - Mulloy matters/Spokane South Medical - HBI/Witness - sub/Precision Precast","User Created","9","1.811 MB (1,899,379 bytes)"
"/Malbco - Mulloy matters/Spokane South Medical - HBI/Witness - sub/Prof Piping","User Created","13","1.776 MB (1,861,875 bytes)"
"/Malbco - Mulloy matters/Spokane South Medical - HBI/Witness - sub/Redline","User Created","4","732.5 KB (750,077 bytes)"
"/Malbco - Mulloy matters/Spokane South Medical - HBI/Witness - sub/Reser (Fire capt)","User Created","3","237.1 KB (242,840 bytes)"
"/Malbco - Mulloy matters/Spokane South Medical - HBI/Witness - sub/Solution Wall sys","User Created","5","844.6 KB (864,896 bytes)"
"/Malbco - Mulloy matters/Spokane South Medical - HBI/Witness - sub/Steel Structures","User Created","5","615.4 KB (630,136 bytes)"
"/Malbco - Mulloy matters/Spokane South Medical - HBI/Witness - sub/Strata Geotech","User Created","18","2.325 MB (2,437,458 bytes)"
"/Malbco - Mulloy matters/Spokane South Medical - HBI/Witness - sub/TK Elevator","User Created","16","2.172 MB (2,277,181 bytes)"
"/Malbco - Mulloy matters/Spokane South Medical - HBI/Witness - sub/TMD COnstruction","User Created","8","2.63 MB (2,758,208 bytes)"
"/Malbco - Mulloy matters/Spokane South Medical - HBI/Witness - sub/TT Roof","User Created","2","166 KB (170,009 bytes)"
"/Malbco - Mulloy matters/Spokane South Medical - HBI/Witness - sub/West Valley Const","User Created","5","518 KB (530,426 bytes)"
"/Malbco - Mulloy matters/Spokane South Medical - HBI/Witness - sub/Winkler ","User Created","15","1.429 MB (1,498,626 bytes)"
"/Malbco - Mulloy matters/SSM and South v Insurance","User Created","1","246.5 KB (252,422 bytes)"
"/Malbco - Mulloy matters/SSM and South v Insurance/Acuity","User Created","13","17.58 MB (18,438,419 bytes)"
"/Malbco - Mulloy matters/SSM and South v Insurance/Admiral","User Created","0","0 B (0 bytes)"
"/Malbco - Mulloy matters/SSM and South v Insurance/Admiral/Client","User Created","14","3.071 MB (3,219,836 bytes)"
"/Malbco - Mulloy matters/SSM and South v Insurance/Admiral/Internal","User Created","30","36.84 MB (38,633,108 bytes)"
"/Malbco - Mulloy matters/SSM and South v Insurance/Admiral/Opposing","User Created","28","42.75 MB (44,828,813 bytes)"
"/Malbco - Mulloy matters/SSM and South v Insurance/Client","User Created","109","27.19 MB (28,508,034 bytes)"
"/Malbco - Mulloy matters/SSM and South v Insurance/Endurance- AW  Dec Action","User Created","5","458.2 KB (469,172 bytes)"
"/Malbco - Mulloy matters/SSM and South v Insurance/Endurance- AW  Dec Action/Client","User Created","166","39.86 MB (41,792,388 bytes)"
"/Malbco - Mulloy matters/SSM and South v Insurance/Endurance- AW  Dec Action/Damges","User Created","4","308.2 KB (315,589 bytes)"
"/Malbco - Mulloy matters/SSM and South v Insurance/Endurance- AW  Dec Action/Fire claim","User Created","9","3.976 MB (4,169,323 bytes)"
"/Malbco - Mulloy matters/SSM and South v Insurance/Endurance- AW  Dec Action/Internal","User Created","196","78.78 MB (82,601,872 bytes)"
"/Malbco - Mulloy matters/SSM and South v Insurance/Endurance- AW  Dec Action/Opposing","User Created","73","44.7 MB (46,873,347 bytes)"
"/Malbco - Mulloy matters/SSM and South v Insurance/Endurance- AW  Dec Action/Pleadings and discovery","User Created","45","43.02 MB (45,105,891 bytes)"
"/Malbco - Mulloy matters/SSM and South v Insurance/Endurance- AW  Dec Action/Policies and comm","User Created","28","69.66 MB (73,039,933 bytes)"
"/Malbco - Mulloy matters/SSM and South v Insurance/Endurance- AW  Dec Action/Research","User Created","131","51.13 MB (53,614,054 bytes)"
"/Malbco - Mulloy matters/SSM and South v Insurance/Endurance- AW  Dec Action/SD - Trial Counsel- Mike","User Created","87","57.46 MB (60,254,822 bytes)"
"/Malbco - Mulloy matters/SSM and South v Insurance/Endurance- AW  Dec Action/SD Counsel- Sarah Jeff","User Created","361","164.8 MB (172,803,236 bytes)"
"/Malbco - Mulloy matters/SSM and South v Insurance/Endurance- AW  Dec Action/Witness","User Created","3","272.9 KB (279,476 bytes)"
"/Malbco - Mulloy matters/SSM and South v Insurance/Endurance- AW  Dec Action/Witness/Bruce Gilbert","User Created","2","214.5 KB (219,629 bytes)"
"/Malbco - Mulloy matters/SSM and South v Insurance/Endurance- AW  Dec Action/Witness/Chris Matsyek","User Created","27","5.875 MB (6,160,134 bytes)"
"/Malbco - Mulloy matters/SSM and South v Insurance/Endurance- AW  Dec Action/Witness/Donnie Hambek","User Created","1","151.6 KB (155,218 bytes)"
"/Malbco - Mulloy matters/SSM and South v Insurance/Endurance- AW  Dec Action/Witness/Kevin Krank","User Created","2","221.1 KB (226,428 bytes)"
"/Malbco - Mulloy matters/SSM and South v Insurance/Endurance- AW  Dec Action/Witness/Lee Dunham","User Created","5","7.147 MB (7,493,800 bytes)"
"/Malbco - Mulloy matters/SSM and South v Insurance/Endurance- AW  Dec Action/Witness/Lenore","User Created","39","5.405 MB (5,667,991 bytes)"
"/Malbco - Mulloy matters/SSM and South v Insurance/Endurance- AW  Dec Action/Witness/Mark Lawless CSMI","User Created","14","6.506 MB (6,822,255 bytes)"
"/Malbco - Mulloy matters/SSM and South v Insurance/Endurance- AW  Dec Action/Witness/Paul Shelton","User Created","33","24.72 MB (25,925,956 bytes)"
"/Malbco - Mulloy matters/SSM and South v Insurance/Endurance- AW  Dec Action/Witness/Receiver- HBI","User Created","33","8.243 MB (8,643,922 bytes)"
"/Malbco - Mulloy matters/SSM and South v Insurance/Endurance- AW  Dec Action/Witness/Ron Hall","User Created","28","2.471 MB (2,590,760 bytes)"
"/Malbco - Mulloy matters/SSM and South v Insurance/Endurance- AW  Dec Action/Witness/Sub Witness -Kenn","User Created","3","568.3 KB (581,900 bytes)"
"/Malbco - Mulloy matters/SSM and South v Insurance/Endurance- AW  Dec Action/Witness/Sub Witness -Kenn/Amos","User Created","24","23.84 MB (25,001,634 bytes)"
"/Malbco - Mulloy matters/SSM and South v Insurance/Endurance- AW  Dec Action/Witness/Sub Witness -Kenn/Bruce","User Created","25","10.95 MB (11,480,200 bytes)"
"/Malbco - Mulloy matters/SSM and South v Insurance/Endurance- AW  Dec Action/Witness/Sub Witness -Kenn/Cascade fire","User Created","43","14.17 MB (14,855,905 bytes)"
"/Malbco - Mulloy matters/SSM and South v Insurance/Endurance- AW  Dec Action/Witness/Sub Witness -Kenn/Dale Sweeney - Arch","User Created","8","4.736 MB (4,965,829 bytes)"
"/Malbco - Mulloy matters/SSM and South v Insurance/Endurance- AW  Dec Action/Witness/Sub Witness -Kenn/Decowork","User Created","9","732.4 KB (749,966 bytes)"
"/Malbco - Mulloy matters/SSM and South v Insurance/Endurance- AW  Dec Action/Witness/Sub Witness -Kenn/G&T Const","User Created","2","341.1 KB (349,283 bytes)"
"/Malbco - Mulloy matters/SSM and South v Insurance/Endurance- AW  Dec Action/Witness/Sub Witness -Kenn/Gale","User Created","11","20.62 MB (21,621,117 bytes)"
"/Malbco - Mulloy matters/SSM and South v Insurance/Endurance- AW  Dec Action/Witness/Sub Witness -Kenn/Genesis","User Created","14","63.97 MB (67,074,640 bytes)"
"/Malbco - Mulloy matters/SSM and South v Insurance/Endurance- AW  Dec Action/Witness/Sub Witness -Kenn/HDT Pool","User Created","5","3.131 MB (3,282,761 bytes)"
"/Malbco - Mulloy matters/SSM and South v Insurance/Endurance- AW  Dec Action/Witness/Sub Witness -Kenn/Koeling ","User Created","30","12.42 MB (13,018,088 bytes)"
"/Malbco - Mulloy matters/SSM and South v Insurance/Endurance- AW  Dec Action/Witness/Sub Witness -Kenn/Material Testing","User Created","32","244.4 MB (256,266,584 bytes)"
"/Malbco - Mulloy matters/SSM and South v Insurance/Endurance- AW  Dec Action/Witness/Sub Witness -Kenn/North County","User Created","31","8.929 MB (9,362,702 bytes)"
"/Malbco - Mulloy matters/SSM and South v Insurance/Endurance- AW  Dec Action/Witness/Sub Witness -Kenn/PBS Eng","User Created","4","837.9 KB (858,027 bytes)"
"/Malbco - Mulloy matters/SSM and South v Insurance/Endurance- AW  Dec Action/Witness/Sub Witness -Kenn/PBS Eng - Billen","User Created","8","1.385 MB (1,451,989 bytes)"
"/Malbco - Mulloy matters/SSM and South v Insurance/Endurance- AW  Dec Action/Witness/Sub Witness -Kenn/Perfection Glass","User Created","14","5.286 MB (5,542,934 bytes)"
"/Malbco - Mulloy matters/SSM and South v Insurance/Endurance- AW  Dec Action/Witness/Sub Witness -Kenn/Prof piping","User Created","10","2.082 MB (2,183,573 bytes)"
"/Malbco - Mulloy matters/SSM and South v Insurance/Endurance- AW  Dec Action/Witness/Sub Witness -Kenn/Robinson Eng - Mark and Paul","User Created","4","1.152 MB (1,208,382 bytes)"
"/Malbco - Mulloy matters/SSM and South v Insurance/Endurance- AW  Dec Action/Witness/Sub Witness -Kenn/Ryan Hardie - Allstructure Engctural","User Created","4","1.061 MB (1,112,658 bytes)"
"/Malbco - Mulloy matters/SSM and South v Insurance/Endurance- AW  Dec Action/Witness/Sub Witness -Kenn/Ryan Hardie - Structural","User Created","6","3.345 MB (3,507,635 bytes)"
"/Malbco - Mulloy matters/SSM and South v Insurance/Endurance- AW  Dec Action/Witness/Sub Witness -Kenn/Shane Faulk","User Created","8","7.493 MB (7,856,706 bytes)"
"/Malbco - Mulloy matters/SSM and South v Insurance/Endurance- AW  Dec Action/Witness/Sub Witness -Kenn/Shelter","User Created","14","109.2 MB (114,476,908 bytes)"
"/Malbco - Mulloy matters/SSM and South v Insurance/Endurance- AW  Dec Action/Witness/Sub Witness -Kenn/Silverline","User Created","24","8.456 MB (8,867,004 bytes)"
"/Malbco - Mulloy matters/SSM and South v Insurance/Endurance- AW  Dec Action/Witness/Sub Witness -Kenn/Strata","User Created","2","113.8 KB (116,552 bytes)"
"/Malbco - Mulloy matters/SSM and South v Insurance/Endurance- AW  Dec Action/Witness/Sub Witness -Kenn/Sweeney","User Created","2","751.1 KB (769,140 bytes)"
"/Malbco - Mulloy matters/SSM and South v Insurance/Endurance- AW  Dec Action/Witness/Sub Witness -Kenn/Total Frame","User Created","16","5.646 MB (5,920,068 bytes)"
"/Malbco - Mulloy matters/SSM and South v Insurance/Endurance- AW  Dec Action/Witness/Sub Witness -Kenn/Tracking","User Created","4","482.4 KB (493,971 bytes)"
"/Malbco - Mulloy matters/SSM and South v Insurance/Endurance- AW  Dec Action/Witness/Sub Witness -Kenn/TTAP","User Created","13","67.96 MB (71,258,419 bytes)"
"/Malbco - Mulloy matters/SSM and South v Insurance/Endurance- AW  Dec Action/Witness/Sub -witness SSM","User Created","3","190.8 KB (195,385 bytes)"
"/Malbco - Mulloy matters/SSM and South v Insurance/Endurance- AW  Dec Action/Witness/Sub -witness SSM/Accuflow","User Created","4","720.6 KB (737,866 bytes)"
"/Malbco - Mulloy matters/SSM and South v Insurance/Endurance- AW  Dec Action/Witness/Sub -witness SSM/American Iron","User Created","6","33.44 MB (35,062,154 bytes)"
"/Malbco - Mulloy matters/SSM and South v Insurance/Endurance- AW  Dec Action/Witness/Sub -witness SSM/BDT","User Created","6","6.716 MB (7,042,661 bytes)"
"/Malbco - Mulloy matters/SSM and South v Insurance/Endurance- AW  Dec Action/Witness/Sub -witness SSM/Divcon","User Created","8","1.015 MB (1,064,328 bytes)"
"/Malbco - Mulloy matters/SSM and South v Insurance/Endurance- AW  Dec Action/Witness/Sub -witness SSM/Door Special","User Created","1","453.1 KB (463,945 bytes)"
"/Malbco - Mulloy matters/SSM and South v Insurance/Endurance- AW  Dec Action/Witness/Sub -witness SSM/HDT Pool","User Created","15","3.117 MB (3,268,241 bytes)"
"/Malbco - Mulloy matters/SSM and South v Insurance/Endurance- AW  Dec Action/Witness/Sub -witness SSM/Merit","User Created","12","1.851 MB (1,941,209 bytes)"
"/Malbco - Mulloy matters/SSM and South v Insurance/Endurance- AW  Dec Action/Witness/Sub -witness SSM/Moser","User Created","8","886.1 KB (907,392 bytes)"
"/Malbco - Mulloy matters/SSM and South v Insurance/Endurance- AW  Dec Action/Witness/Sub -witness SSM/Perf Glass","User Created","4","1.593 MB (1,670,004 bytes)"
"/Malbco - Mulloy matters/SSM and South v Insurance/Endurance- AW  Dec Action/Witness/Sub -witness SSM/Precision","User Created","8","1.907 MB (1,999,359 bytes)"
"/Malbco - Mulloy matters/SSM and South v Insurance/Endurance- AW  Dec Action/Witness/Sub -witness SSM/Redline","User Created","4","1.187 MB (1,244,333 bytes)"
"/Malbco - Mulloy matters/SSM and South v Insurance/Endurance- AW  Dec Action/Witness/Sub -witness SSM/Solution Wall","User Created","4","972.3 KB (995,624 bytes)"
"/Malbco - Mulloy matters/SSM and South v Insurance/Endurance- AW  Dec Action/Witness/Sub -witness SSM/Steel Struc","User Created","15","2.137 MB (2,241,060 bytes)"
"/Malbco - Mulloy matters/SSM and South v Insurance/Endurance- AW  Dec Action/Witness/Sub -witness SSM/Strata","User Created","19","7.289 MB (7,643,312 bytes)"
"/Malbco - Mulloy matters/SSM and South v Insurance/Endurance- AW  Dec Action/Witness/Sub -witness SSM/T&T Roof","User Created","7","1.11 MB (1,163,505 bytes)"
"/Malbco - Mulloy matters/SSM and South v Insurance/Endurance- AW  Dec Action/Witness/Sub -witness SSM/TMD Const","User Created","23","2.09 MB (2,191,336 bytes)"
"/Malbco - Mulloy matters/SSM and South v Insurance/Endurance- AW  Dec Action/Witness/Sub -witness SSM/Winkler","User Created","25","4.553 MB (4,774,510 bytes)"
"/Malbco - Mulloy matters/SSM and South v Insurance/Endurance- AW  Dec Action/Witness/Tom Lether","User Created","2","317.1 KB (324,714 bytes)"
"/Malbco - Mulloy matters/SSM and South v Insurance/HBI Ins - Southridge - ","User Created","0","0 B (0 bytes)"
"/Malbco - Mulloy matters/SSM and South v Insurance/HBI Ins - Southridge - /Client","User Created","30","3.421 MB (3,587,150 bytes)"
"/Malbco - Mulloy matters/SSM and South v Insurance/HBI Ins - Southridge - /Docs","User Created","19","51.19 MB (53,675,207 bytes)"
"/Malbco - Mulloy matters/SSM and South v Insurance/HBI Ins - Southridge - /Internal","User Created","39","3.508 MB (3,678,842 bytes)"
"/Malbco - Mulloy matters/SSM and South v Insurance/HBI Ins - Southridge - /Opposing","User Created","38","12.71 MB (13,329,266 bytes)"
"/Malbco - Mulloy matters/SSM and South v Insurance/HBI Ins - Southridge - /Pledings","User Created","0","0 B (0 bytes)"
"/Malbco - Mulloy matters/SSM and South v Insurance/HBI Ins - Southridge - /Research","User Created","33","3.178 MB (3,332,602 bytes)"
"/Malbco - Mulloy matters/SSM and South v Insurance/HBI Insurance -SSM","User Created","0","0 B (0 bytes)"
"/Malbco - Mulloy matters/SSM and South v Insurance/HBI Insurance -SSM/client","User Created","42","13.75 MB (14,414,557 bytes)"
"/Malbco - Mulloy matters/SSM and South v Insurance/HBI Insurance -SSM/Internal","User Created","13","3.406 MB (3,571,467 bytes)"
"/Malbco - Mulloy matters/SSM and South v Insurance/HBI Insurance -SSM/Opposing","User Created","77","58.01 MB (60,825,978 bytes)"
"/Malbco - Mulloy matters/SSM and South v Insurance/HBI Insurance -SSM/policies","User Created","7","25.63 MB (26,872,236 bytes)"
"/Malbco - Mulloy matters/SSM and South v Insurance/HBI Insurance -SSM/Research","User Created","23","4.846 MB (5,081,884 bytes)"
"/Malbco - Mulloy matters/SSM and South v Insurance/HBI Insurance -SSM/Trav Subrogation","User Created","0","0 B (0 bytes)"
"/Malbco - Mulloy matters/SSM and South v Insurance/HBI Insurance -SSM/Trav Subrogation/Client","User Created","4","329.2 KB (337,097 bytes)"
"/Malbco - Mulloy matters/SSM and South v Insurance/HBI Insurance -SSM/Trav Subrogation/Internal","User Created","4","134.1 KB (137,356 bytes)"
"/Malbco - Mulloy matters/SSM and South v Insurance/HBI Insurance -SSM/Trav Subrogation/Research","User Created","13","6.517 MB (6,833,497 bytes)"
"/Malbco - Mulloy matters/SSM and South v Insurance/Internal","User Created","14","1.35 MB (1,415,444 bytes)"
"/Malbco - Mulloy matters/SSM and South v Insurance/Receiver - assign","User Created","86","30.81 MB (32,308,120 bytes)"
"/Malbco - Mulloy matters/SSM and South v Insurance/Settlement - Alllied - End","User Created","109","19.64 MB (20,598,348 bytes)"
"/Malbco - Mulloy matters/SSM and South v Insurance/Settlement Travelers","User Created","89","16.4 MB (17,192,604 bytes)"
"/Malbco - Mulloy matters/SSM and South v Insurance/Southridge-Liberty 1st party ins","User Created","0","0 B (0 bytes)"
"/Malbco - Mulloy matters/SSM and South v Insurance/Southridge-Liberty 1st party ins/client","User Created","15","6.989 MB (7,328,974 bytes)"
"/Malbco - Mulloy matters/SSM and South v Insurance/Southridge-Liberty 1st party ins/docs- policy","User Created","2","5.894 MB (6,179,854 bytes)"
"/Malbco - Mulloy matters/SSM and South v Insurance/Southridge-Liberty 1st party ins/internal","User Created","8","30.74 MB (32,235,728 bytes)"
"/Malbco - Mulloy matters/SSM and South v Insurance/Southridge-Liberty 1st party ins/opposing","User Created","21","14.77 MB (15,483,698 bytes)"
"/Malbco - Mulloy matters/SSM and South v Insurance/SSM 1st party ins - Trav Alask","User Created","0","0 B (0 bytes)"
"/Malbco - Mulloy matters/SSM and South v Insurance/SSM 1st party ins - Trav Alask/Client","User Created","21","12.66 MB (13,277,162 bytes)"
"/Malbco - Mulloy matters/SSM and South v Insurance/SSM 1st party ins - Trav Alask/docs- policy","User Created","8","6.526 MB (6,843,409 bytes)"
"/Malbco - Mulloy matters/SSM and South v Insurance/SSM 1st party ins - Trav Alask/internal","User Created","13","10.39 MB (10,898,733 bytes)"
"/Malbco - Mulloy matters/SSM and South v Insurance/SSM 1st party ins - Trav Alask/opposing","User Created","38","28.2 MB (29,570,200 bytes)"
"/Malbco - Mulloy matters/T-Mobile","User Created","0","0 B (0 bytes)"
"/Malbco - Mulloy matters/Verizon","User Created","0","0 B (0 bytes)"
"/Mitch Johnson","User Created","0","0 B (0 bytes)"
"/Mitch Johnson/Client","User Created","8","1.778 MB (1,864,655 bytes)"
"/Mitch Johnson/Internal","User Created","45","5.29 MB (5,547,326 bytes)"
"/My Fresh Basket","User Created","0","0 B (0 bytes)"
"/My Fresh Basket/Client","User Created","16","1.287 MB (1,349,068 bytes)"
"/My Fresh Basket/Internal","User Created","9","2.255 MB (2,364,676 bytes)"
"/My Fresh Basket/Johnson pleadings","User Created","2","403.1 KB (412,810 bytes)"
"/My Fresh Basket/Opposing","User Created","14","1.707 MB (1,789,457 bytes)"
"/Notes","Notes","0","0 B (0 bytes)"
"/NPSI-UWT","User Created","2","655.3 KB (671,004 bytes)"
"/NPSI-UWT/Client","User Created","50","11.61 MB (12,170,806 bytes)"
"/NPSI-UWT/Docs","User Created","1","446.3 KB (457,053 bytes)"
"/NPSI-UWT/Internal","User Created","22","10.82 MB (11,343,718 bytes)"
"/NPSI-UWT/Opposing","User Created","11","2.082 MB (2,183,142 bytes)"
"/NPSI-UWT/Research","User Created","1","140.6 KB (143,994 bytes)"
"/Olenius, Mark","User Created","0","0 B (0 bytes)"
"/Olenius, Mark/Client","User Created","5","268.9 KB (275,304 bytes)"
"/Olenius, Mark/Internal","User Created","15","1.089 MB (1,142,135 bytes)"
"/Outbox","Outbox","0","0 B (0 bytes)"
"/Oxarc -","User Created","0","0 B (0 bytes)"
"/Oxarc -/Airgas - Burger King","User Created","0","0 B (0 bytes)"
"/Oxarc -/Airgas - Burger King/Clientr","User Created","6","442.9 KB (453,551 bytes)"
"/Oxarc -/Airgas - Burger King/Internal","User Created","8","553.8 KB (567,077 bytes)"
"/Oxarc -/Airgas - Columbia Ice","User Created","0","0 B (0 bytes)"
"/Oxarc -/Airgas - Columbia Ice/Client","User Created","5","1.942 MB (2,035,977 bytes)"
"/Oxarc -/Airgas - Columbia Ice/Internal","User Created","4","1.025 MB (1,075,170 bytes)"
"/Oxarc -/Airgas- SMK","User Created","0","0 B (0 bytes)"
"/Oxarc -/Airgas- SMK/client","User Created","12","990.8 KB (1,014,534 bytes)"
"/Oxarc -/Airgas- SMK/internal","User Created","10","1.044 MB (1,094,998 bytes)"
"/Oxarc -/Astria Health","User Created","2","504.7 KB (516,847 bytes)"
"/Oxarc -/Cazier","User Created","2","1.244 MB (1,304,454 bytes)"
"/Oxarc -/Cazier/Client","User Created","4","2.294 MB (2,405,478 bytes)"
"/Oxarc -/Cazier/Internal","User Created","6","1.588 MB (1,665,160 bytes)"
"/Oxarc -/Cazier/Opposing - Barry","User Created","4","475.3 KB (486,733 bytes)"
"/Oxarc -/General - employ","User Created","0","0 B (0 bytes)"
"/Oxarc -/General - employ/Client","User Created","25","7.594 MB (7,962,464 bytes)"
"/Oxarc -/General - employ/Internal","User Created","9","1.99 MB (2,087,062 bytes)"
"/Oxarc -/General - employ/Opposing","User Created","1","425.8 KB (435,991 bytes)"
"/Oxarc -/Jason and Jenna","User Created","0","0 B (0 bytes)"
"/Oxarc -/Jason and Jenna/Client","User Created","43","3.516 MB (3,686,809 bytes)"
"/Oxarc -/Jason and Jenna/Internal","User Created","3","367.4 KB (376,181 bytes)"
"/Oxarc -/Jason and Jenna/Opposing","User Created","5","1.239 MB (1,298,824 bytes)"
"/Oxarc -/Linde","User Created","1","7.582 KB (7,764 bytes)"
"/Oxarc -/Linde/Client","User Created","17","3.68 MB (3,858,450 bytes)"
"/Oxarc -/Linde/Internal","User Created","5","2.44 MB (2,558,124 bytes)"
"/Oxarc -/Linde/Opposing","User Created","4","2.489 MB (2,609,565 bytes)"
"/Pathologist Lab","User Created","0","0 B (0 bytes)"
"/Pathologist Lab/SJRMC","User Created","0","0 B (0 bytes)"
"/Pathologist Lab/SJRMC/Client","User Created","7","5.048 MB (5,293,616 bytes)"
"/Pathologist Lab/SJRMC/Internal","User Created","16","3.345 MB (3,507,633 bytes)"
"/Pathologist Lab/Tretheway ","User Created","0","0 B (0 bytes)"
"/Pathologist Lab/Tretheway /Arb Comm","User Created","56","7.985 MB (8,372,953 bytes)"
"/Pathologist Lab/Tretheway /Arb Plead Disc","User Created","74","104 MB (109,004,642 bytes)"
"/Pathologist Lab/Tretheway /Client","User Created","463","255.5 MB (267,879,818 bytes)"
"/Pathologist Lab/Tretheway /Co counsel - PRL","User Created","328","123.4 MB (129,382,816 bytes)"
"/Pathologist Lab/Tretheway /Docs and FInac","User Created","34","57.89 MB (60,702,085 bytes)"
"/Pathologist Lab/Tretheway /Hearing and dep logistic","User Created","6","702.3 KB (719,192 bytes)"
"/Pathologist Lab/Tretheway /Internal","User Created","168","250.4 MB (262,518,078 bytes)"
